target,horizon_min,ts,actual,last_value,moving_mean_30m,ridge_regression
th-1_temperature,10,2026-05-15 09:16:00,27.400000,26.900000,26.550000,27.304550
th-1_temperature,10,2026-05-15 09:49:00,28.500000,28.400000,27.743333,28.570929
th-1_temperature,10,2026-05-15 10:22:00,28.700000,28.600000,28.603333,28.640535
th-1_temperature,10,2026-05-15 10:55:00,28.800000,28.800000,28.723333,28.821052
th-1_temperature,10,2026-05-15 11:28:00,28.900000,28.800000,28.810000,28.847272
th-1_temperature,10,2026-05-15 12:01:00,29.000000,29.000000,28.913333,28.983560
th-1_temperature,10,2026-05-15 12:34:00,29.000000,28.900000,28.946667,28.884302
th-1_temperature,10,2026-05-15 13:07:00,29.000000,29.000000,28.973333,28.961707
th-1_temperature,10,2026-05-15 13:40:00,29.000000,28.900000,28.950000,28.872321
th-1_temperature,10,2026-05-15 14:13:00,28.900000,28.900000,28.930000,28.852907
th-1_temperature,10,2026-05-15 14:46:00,29.000000,28.900000,28.910000,28.903078
th-1_temperature,10,2026-05-15 15:19:00,28.900000,28.900000,28.916667,28.915380
th-1_temperature,10,2026-05-15 15:52:00,28.900000,28.900000,28.896667,28.845440
th-1_temperature,10,2026-05-15 16:25:00,29.000000,28.900000,28.913333,28.838989
th-1_temperature,10,2026-05-15 16:58:00,28.900000,28.900000,28.936667,28.899948
th-1_temperature,10,2026-05-15 17:31:00,29.000000,28.900000,28.910000,28.877801
th-1_temperature,10,2026-05-15 18:04:00,28.900000,28.900000,28.933333,28.837225
th-1_temperature,10,2026-05-15 18:37:00,29.000000,29.000000,28.910000,28.894554
th-1_temperature,10,2026-05-15 19:10:00,28.900000,28.800000,28.866667,28.780338
th-1_temperature,10,2026-05-15 19:43:00,28.800000,28.800000,28.903333,28.800642
th-1_temperature,10,2026-05-15 20:16:00,28.900000,28.900000,28.873333,28.891234
th-1_temperature,10,2026-05-15 20:49:00,28.800000,28.900000,28.870000,28.818604
th-1_temperature,10,2026-05-15 21:22:00,28.900000,29.000000,28.860000,28.896222
th-1_temperature,10,2026-05-15 21:55:00,28.800000,28.800000,28.896667,28.745560
th-1_temperature,10,2026-05-15 22:28:00,28.900000,28.900000,28.876667,28.822905
th-1_temperature,10,2026-05-15 23:01:00,28.800000,28.800000,28.863333,28.844072
th-1_temperature,10,2026-05-15 23:34:00,28.800000,28.900000,28.853333,28.786291
th-1_temperature,10,2026-05-16 00:07:00,28.800000,28.700000,28.803333,28.679112
th-1_temperature,10,2026-05-16 00:40:00,28.800000,28.800000,28.836667,28.739920
th-1_temperature,10,2026-05-16 01:13:00,28.800000,28.800000,28.800000,28.718835
th-1_temperature,10,2026-05-16 01:46:00,28.800000,28.800000,28.803333,28.699254
th-1_temperature,10,2026-05-16 02:19:00,28.800000,28.800000,28.793333,28.706378
th-1_temperature,10,2026-05-16 02:52:00,28.800000,28.800000,28.806667,28.803024
th-1_temperature,10,2026-05-16 03:25:00,27.500000,27.900000,28.496667,27.561469
th-1_temperature,10,2026-05-16 03:58:00,26.600000,26.800000,27.273333,26.663449
th-1_temperature,10,2026-05-16 04:31:00,26.300000,26.400000,26.523333,26.256290
th-1_temperature,10,2026-05-16 05:04:00,26.200000,26.300000,26.283333,26.241968
th-1_temperature,10,2026-05-16 05:37:00,26.200000,26.200000,26.223333,26.139596
th-1_temperature,10,2026-05-16 06:10:00,26.200000,26.300000,26.250000,26.184122
th-1_temperature,10,2026-05-16 06:43:00,26.200000,26.200000,26.200000,26.155844
th-1_temperature,10,2026-05-16 07:16:00,26.200000,26.200000,26.213333,26.156891
th-1_temperature,10,2026-05-16 07:49:00,26.200000,26.200000,26.176667,26.140819
th-1_temperature,10,2026-05-16 08:22:00,26.100000,26.100000,26.170000,26.105818
th-1_temperature,10,2026-05-16 08:55:00,26.100000,26.100000,26.113333,26.045534
th-1_temperature,10,2026-05-16 09:28:00,27.600000,27.200000,26.433333,27.459920
th-1_temperature,10,2026-05-16 10:01:00,28.300000,28.200000,27.833333,28.273149
th-1_temperature,10,2026-05-16 10:34:00,28.400000,28.400000,28.333333,28.460259
th-1_temperature,10,2026-05-16 11:07:00,28.500000,28.500000,28.400000,28.453250
th-1_temperature,10,2026-05-16 11:40:00,28.600000,28.500000,28.540000,28.483465
th-1_temperature,10,2026-05-16 12:13:00,28.600000,28.600000,28.570000,28.589035
th-1_temperature,10,2026-05-16 12:46:00,28.600000,28.600000,28.596667,28.584244
th-1_temperature,10,2026-05-16 13:19:00,28.700000,28.600000,28.600000,28.566069
th-1_temperature,10,2026-05-16 13:52:00,28.600000,28.600000,28.610000,28.633688
th-1_temperature,10,2026-05-16 14:25:00,28.600000,28.600000,28.603333,28.579178
th-1_temperature,10,2026-05-16 14:58:00,28.600000,28.600000,28.600000,28.487628
th-1_temperature,10,2026-05-16 15:31:00,28.600000,28.600000,28.610000,28.644185
th-1_temperature,10,2026-05-16 16:04:00,28.700000,28.600000,28.590000,28.623155
th-1_temperature,10,2026-05-16 16:37:00,28.700000,28.600000,28.616667,28.632228
th-1_temperature,10,2026-05-16 17:10:00,28.700000,28.700000,28.693333,28.718932
th-1_temperature,10,2026-05-16 17:43:00,28.700000,28.800000,28.716667,28.759761
th-1_temperature,10,2026-05-16 18:16:00,28.800000,28.700000,28.740000,28.767882
th-1_temperature,10,2026-05-16 18:49:00,28.800000,28.800000,28.790000,28.815503
th-1_temperature,10,2026-05-16 19:22:00,28.800000,28.800000,28.806667,28.757891
th-1_temperature,10,2026-05-16 19:55:00,28.800000,28.700000,28.786667,28.710415
th-1_temperature,10,2026-05-16 20:28:00,28.700000,28.700000,28.720000,28.684125
th-1_temperature,10,2026-05-16 21:01:00,28.700000,28.700000,28.693333,28.655365
th-1_temperature,10,2026-05-16 21:34:00,28.700000,28.600000,28.683333,28.595847
th-1_temperature,10,2026-05-16 22:07:00,28.700000,28.600000,28.660000,28.507545
th-1_temperature,10,2026-05-16 22:40:00,28.600000,28.600000,28.633333,28.576772
th-1_temperature,10,2026-05-16 23:13:00,28.700000,28.700000,28.633333,28.656534
th-1_temperature,10,2026-05-16 23:46:00,28.600000,28.600000,28.626667,28.501436
th-1_temperature,10,2026-05-17 00:19:00,28.600000,28.600000,28.580000,28.541096
th-1_temperature,10,2026-05-17 00:52:00,28.600000,28.600000,28.620000,28.530588
th-1_temperature,10,2026-05-17 01:25:00,28.600000,28.600000,28.606667,28.557628
th-1_temperature,10,2026-05-17 01:58:00,28.600000,28.600000,28.596667,28.559510
th-1_temperature,10,2026-05-17 02:31:00,28.600000,28.600000,28.593333,28.455497
th-1_temperature,10,2026-05-17 03:04:00,28.200000,28.600000,28.596667,28.496245
th-1_temperature,10,2026-05-17 03:37:00,26.900000,27.200000,27.816667,26.961802
th-1_temperature,10,2026-05-17 04:10:00,26.200000,26.300000,26.680000,26.242299
th-1_temperature,10,2026-05-17 04:43:00,26.000000,26.000000,26.123333,25.974583
th-1_temperature,10,2026-05-17 05:16:00,26.100000,26.000000,26.006667,25.898930
th-1_temperature,10,2026-05-17 05:49:00,26.000000,26.000000,26.040000,25.910796
th-1_temperature,10,2026-05-17 06:22:00,26.000000,26.000000,26.003333,25.946114
th-1_temperature,10,2026-05-17 06:55:00,26.000000,26.000000,26.000000,25.935124
th-1_temperature,10,2026-05-17 07:28:00,26.000000,26.000000,25.986667,25.963177
th-1_temperature,10,2026-05-17 08:01:00,25.900000,26.000000,25.953333,25.991141
th-1_temperature,10,2026-05-17 08:34:00,25.900000,25.900000,25.923333,25.919889
th-1_temperature,10,2026-05-17 09:07:00,26.300000,25.900000,25.953333,26.188283
th-1_temperature,10,2026-05-17 09:40:00,27.700000,27.600000,26.803333,27.749395
th-1_temperature,10,2026-05-17 10:13:00,28.200000,28.100000,27.910000,28.148129
th-1_temperature,10,2026-05-17 10:46:00,28.200000,28.200000,28.173333,28.305788
th-1_temperature,10,2026-05-17 11:19:00,28.400000,28.400000,28.303333,28.405651
th-1_temperature,10,2026-05-17 11:52:00,28.400000,28.400000,28.400000,28.443715
th-1_temperature,10,2026-05-17 12:25:00,28.400000,28.400000,28.413333,28.461691
th-1_temperature,10,2026-05-17 12:58:00,28.400000,28.500000,28.433333,28.510734
th-1_temperature,10,2026-05-17 13:31:00,28.500000,28.500000,28.450000,28.501720
th-1_temperature,10,2026-05-17 14:04:00,28.600000,28.500000,28.496667,28.480139
th-1_temperature,10,2026-05-17 14:37:00,28.500000,28.500000,28.503333,28.491872
th-1_temperature,10,2026-05-17 15:10:00,28.500000,28.600000,28.520000,28.544817
th-1_temperature,10,2026-05-17 15:43:00,28.600000,28.600000,28.546667,28.594752
th-1_temperature,10,2026-05-17 16:16:00,28.700000,28.600000,28.613333,28.649215
th-1_temperature,10,2026-05-17 16:49:00,28.700000,28.700000,28.696667,28.677273
th-1_temperature,10,2026-05-17 17:22:00,28.800000,28.700000,28.710000,28.680857
th-1_temperature,10,2026-05-17 17:55:00,28.700000,28.800000,28.716667,28.777709
th-1_temperature,10,2026-05-17 18:28:00,28.800000,28.800000,28.753333,28.772661
th-1_temperature,10,2026-05-17 19:01:00,28.800000,28.800000,28.780000,28.791354
th-1_temperature,10,2026-05-17 19:34:00,28.700000,28.700000,28.740000,28.682156
th-1_temperature,10,2026-05-17 20:07:00,28.700000,28.600000,28.676667,28.614016
th-1_temperature,10,2026-05-17 20:40:00,28.600000,28.600000,28.620000,28.543661
th-1_temperature,10,2026-05-17 21:13:00,28.600000,28.600000,28.583333,28.558643
th-1_temperature,10,2026-05-17 21:46:00,28.600000,28.500000,28.566667,28.511652
th-1_temperature,10,2026-05-17 22:19:00,28.600000,28.600000,28.576667,28.489088
th-1_temperature,10,2026-05-17 22:52:00,28.600000,28.600000,28.600000,28.611985
th-1_temperature,10,2026-05-17 23:25:00,28.600000,28.600000,28.586667,28.519808
th-1_temperature,10,2026-05-17 23:58:00,28.600000,28.600000,28.560000,28.494466
th-1_temperature,10,2026-05-18 00:31:00,28.600000,28.500000,28.593333,28.475938
th-1_temperature,10,2026-05-18 01:04:00,28.500000,28.600000,28.576667,28.524973
th-1_temperature,10,2026-05-18 01:37:00,28.600000,28.600000,28.556667,28.523538
th-1_temperature,10,2026-05-18 02:10:00,28.600000,28.600000,28.576667,28.496253
th-1_temperature,10,2026-05-18 02:43:00,28.600000,28.600000,28.583333,28.527162
th-1_temperature,10,2026-05-18 03:16:00,27.700000,28.100000,28.513333,27.728965
th-1_temperature,10,2026-05-18 03:49:00,26.700000,26.900000,27.353333,26.750411
th-1_temperature,10,2026-05-18 04:22:00,26.200000,26.200000,26.446667,26.159391
th-1_temperature,10,2026-05-18 04:55:00,26.000000,25.900000,26.066667,25.850663
th-1_temperature,10,2026-05-18 05:28:00,26.000000,26.000000,26.003333,25.951947
th-1_temperature,10,2026-05-18 06:01:00,26.100000,26.100000,26.033333,26.038049
th-1_temperature,10,2026-05-18 06:34:00,26.000000,26.000000,26.033333,25.987365
th-1_temperature,10,2026-05-18 07:07:00,26.000000,26.000000,26.010000,25.999629
th-1_temperature,10,2026-05-18 07:40:00,26.000000,26.000000,26.003333,25.951731
th-1_temperature,10,2026-05-18 08:13:00,26.000000,26.000000,26.006667,25.999870
th-1_temperature,10,2026-05-18 08:46:00,26.000000,26.000000,26.000000,26.023909
th-1_temperature,10,2026-05-18 09:19:00,27.100000,26.600000,26.103333,26.960955
th-1_temperature,10,2026-05-18 09:52:00,28.100000,28.000000,27.433333,28.127409
th-1_temperature,10,2026-05-18 10:25:00,28.500000,28.300000,28.166667,28.290413
th-1_temperature,10,2026-05-18 10:58:00,28.500000,28.600000,28.480000,28.644150
th-1_temperature,10,2026-05-18 11:31:00,28.500000,28.400000,28.436667,28.477813
th-1_temperature,10,2026-05-18 12:04:00,28.700000,28.500000,28.543333,28.585331
th-1_temperature,10,2026-05-18 12:37:00,28.800000,28.600000,28.616667,28.662695
th-1_temperature,10,2026-05-18 13:10:00,28.800000,28.800000,28.820000,28.847019
th-1_temperature,10,2026-05-18 13:43:00,28.700000,28.700000,28.743333,28.630762
th-1_temperature,10,2026-05-18 14:16:00,28.700000,28.700000,28.706667,28.706669
th-1_temperature,10,2026-05-18 14:49:00,28.700000,28.700000,28.680000,28.739197
th-1_temperature,10,2026-05-18 15:22:00,28.800000,28.800000,28.743333,28.823596
th-1_temperature,10,2026-05-18 15:55:00,28.800000,28.700000,28.780000,28.724045
th-1_temperature,10,2026-05-18 16:28:00,28.800000,28.800000,28.790000,28.859869
th-1_temperature,10,2026-05-18 17:01:00,28.800000,28.700000,28.776667,28.713186
th-1_temperature,10,2026-05-18 17:34:00,28.800000,28.700000,28.793333,28.761404
th-1_temperature,10,2026-05-18 18:07:00,28.700000,28.800000,28.766667,28.804150
th-1_temperature,10,2026-05-18 18:40:00,28.800000,28.800000,28.750000,28.761832
th-1_temperature,10,2026-05-18 19:13:00,28.800000,28.700000,28.750000,28.647360
th-1_temperature,10,2026-05-18 19:46:00,28.700000,28.700000,28.766667,28.645884
th-1_temperature,10,2026-05-18 20:19:00,28.700000,28.700000,28.706667,28.729306
th-1_temperature,10,2026-05-18 20:52:00,28.600000,28.700000,28.710000,28.650644
th-1_temperature,10,2026-05-18 21:25:00,28.700000,28.700000,28.670000,28.588856
th-1_temperature,10,2026-05-18 21:58:00,28.700000,28.700000,28.680000,28.614999
th-1_temperature,10,2026-05-18 22:31:00,28.700000,28.600000,28.690000,28.539254
th-1_temperature,10,2026-05-18 23:04:00,28.600000,28.600000,28.666667,28.571485
th-1_temperature,10,2026-05-18 23:37:00,28.600000,28.600000,28.616667,28.519226
th-1_temperature,10,2026-05-19 00:10:00,28.500000,28.600000,28.580000,28.578703
th-1_temperature,10,2026-05-19 00:43:00,28.500000,28.400000,28.526667,28.417765
th-1_temperature,10,2026-05-19 01:16:00,28.400000,28.400000,28.440000,28.369356
th-1_temperature,10,2026-05-19 01:49:00,28.400000,28.400000,28.400000,28.319804
th-1_temperature,10,2026-05-19 02:22:00,28.300000,28.300000,28.353333,28.289561
th-1_temperature,10,2026-05-19 02:55:00,28.300000,28.300000,28.283333,28.266040
th-1_temperature,10,2026-05-19 03:28:00,26.800000,27.200000,27.850000,26.864396
th-1_temperature,10,2026-05-19 04:01:00,26.100000,26.300000,26.603333,26.139450
th-1_temperature,10,2026-05-19 04:34:00,25.800000,25.900000,26.030000,25.806702
th-1_temperature,10,2026-05-19 05:07:00,25.600000,25.600000,25.726667,25.563036
th-1_temperature,10,2026-05-19 05:40:00,25.400000,25.500000,25.520000,25.459252
th-1_temperature,10,2026-05-19 06:13:00,25.200000,25.200000,25.356667,25.196499
th-1_temperature,10,2026-05-19 06:46:00,25.100000,25.100000,25.136667,25.150242
th-1_temperature,10,2026-05-19 07:19:00,25.000000,25.000000,25.050000,25.056620
th-1_temperature,10,2026-05-19 07:52:00,25.100000,25.100000,25.043333,25.124604
th-1_temperature,10,2026-05-19 08:25:00,25.100000,25.200000,25.133333,25.186169
th-1_temperature,10,2026-05-19 08:58:00,25.500000,25.200000,25.143333,25.251711
th-1_temperature,10,2026-05-19 09:31:00,27.300000,26.800000,25.883333,27.111070
th-1_temperature,10,2026-05-19 10:04:00,27.900000,27.800000,27.416667,27.838605
th-1_temperature,10,2026-05-19 10:37:00,28.200000,28.100000,27.966667,28.192851
th-1_temperature,10,2026-05-19 11:10:00,28.400000,28.400000,28.226667,28.474379
th-1_temperature,10,2026-05-19 11:43:00,28.600000,28.400000,28.476667,28.498912
th-1_temperature,10,2026-05-19 12:16:00,28.600000,28.600000,28.566667,28.724455
th-1_temperature,10,2026-05-19 12:49:00,28.800000,28.700000,28.680000,28.757151
th-1_temperature,10,2026-05-19 13:22:00,29.200000,29.000000,28.863333,29.101543
th-1_temperature,10,2026-05-19 13:55:00,29.100000,29.100000,29.186667,29.103982
th-1_temperature,10,2026-05-19 14:28:00,29.400000,29.400000,29.250000,29.527629
th-1_temperature,10,2026-05-19 15:01:00,29.600000,29.400000,29.426667,29.422226
th-1_temperature,10,2026-05-19 15:34:00,29.600000,29.600000,29.623333,29.711804
th-1_temperature,10,2026-05-19 16:07:00,29.500000,29.600000,29.613333,29.564552
th-1_temperature,10,2026-05-19 16:40:00,29.700000,29.600000,29.593333,29.653867
th-1_temperature,10,2026-05-19 17:13:00,29.600000,29.500000,29.600000,29.596059
th-1_temperature,10,2026-05-19 17:46:00,29.500000,29.400000,29.553333,29.416521
th-1_temperature,10,2026-05-19 18:19:00,29.500000,29.500000,29.433333,29.535194
th-1_temperature,10,2026-05-19 18:52:00,29.400000,29.400000,29.503333,29.425062
th-1_temperature,10,2026-05-19 19:25:00,29.500000,29.600000,29.526667,29.525424
th-1_temperature,10,2026-05-19 19:58:00,29.600000,29.600000,29.583333,29.453712
th-1_temperature,10,2026-05-19 20:31:00,29.400000,29.500000,29.503333,29.431431
th-1_temperature,10,2026-05-19 21:04:00,29.300000,29.400000,29.380000,29.371881
th-1_temperature,10,2026-05-19 21:37:00,29.300000,29.200000,29.290000,29.245108
th-1_temperature,10,2026-05-19 22:10:00,29.300000,29.300000,29.283333,29.282277
th-1_temperature,10,2026-05-19 22:43:00,29.300000,29.300000,29.296667,29.111523
th-1_temperature,10,2026-05-19 23:16:00,29.200000,29.200000,29.250000,29.154026
th-1_temperature,10,2026-05-19 23:49:00,29.100000,29.200000,29.203333,29.095669
th-1_temperature,10,2026-05-20 00:22:00,29.100000,29.100000,29.130000,29.031112
th-1_temperature,10,2026-05-20 00:55:00,29.000000,29.000000,29.053333,28.924906
th-1_temperature,10,2026-05-20 01:28:00,29.000000,29.000000,29.000000,28.953115
th-1_temperature,10,2026-05-20 02:01:00,29.000000,29.000000,28.986667,28.871884
th-1_temperature,10,2026-05-20 02:34:00,28.800000,28.900000,28.933333,28.767526
th-1_temperature,10,2026-05-20 03:07:00,28.200000,28.700000,28.796667,28.321570
th-1_temperature,10,2026-05-20 03:40:00,27.000000,27.300000,27.853333,27.057232
th-1_temperature,10,2026-05-20 04:13:00,26.500000,26.600000,26.883333,26.537993
th-1_temperature,10,2026-05-20 04:46:00,26.100000,26.300000,26.393333,26.279413
th-1_temperature,10,2026-05-20 05:19:00,26.200000,26.000000,26.140000,26.016813
th-1_temperature,10,2026-05-20 05:52:00,26.000000,26.000000,26.110000,26.068719
th-1_temperature,10,2026-05-20 06:25:00,25.900000,26.100000,25.990000,26.123340
th-1_temperature,10,2026-05-20 06:58:00,25.600000,25.700000,25.776667,25.785120
th-1_temperature,10,2026-05-20 07:31:00,26.000000,25.900000,25.803333,25.907105
th-1_temperature,10,2026-05-20 08:04:00,25.900000,26.000000,26.006667,26.012671
th-1_temperature,10,2026-05-20 08:37:00,25.800000,25.800000,25.896667,25.956935
th-1_temperature,10,2026-05-20 09:10:00,27.000000,26.300000,25.936667,26.657534
th-1_temperature,10,2026-05-20 09:43:00,28.300000,28.000000,27.460000,28.250372
th-1_temperature,10,2026-05-20 10:16:00,28.700000,28.600000,28.453333,28.682171
th-1_temperature,10,2026-05-20 10:49:00,29.000000,29.000000,28.796667,29.050620
th-1_temperature,10,2026-05-20 11:22:00,26.900000,26.900000,28.123333,26.838910
th-1_temperature,10,2026-05-20 11:55:00,27.100000,27.000000,26.973333,27.174936
th-1_temperature,10,2026-05-20 12:28:00,29.100000,28.800000,27.633333,29.181184
th-1_temperature,10,2026-05-20 13:01:00,29.700000,29.600000,29.386667,29.711454
th-1_temperature,10,2026-05-20 13:34:00,29.000000,29.600000,29.706667,29.514929
th-1_temperature,10,2026-05-20 14:07:00,27.600000,27.800000,28.496667,27.433659
th-1_temperature,10,2026-05-20 14:40:00,27.400000,27.300000,27.536667,27.262408
th-1_temperature,10,2026-05-20 15:13:00,27.300000,27.300000,27.303333,27.269377
th-1_temperature,10,2026-05-20 15:46:00,27.300000,27.300000,27.310000,27.210660
th-1_temperature,10,2026-05-20 16:19:00,27.400000,27.400000,27.356667,27.354879
th-1_temperature,10,2026-05-20 16:52:00,27.400000,27.400000,27.450000,27.311319
th-1_temperature,10,2026-05-20 17:25:00,27.500000,27.600000,27.496667,27.544240
th-1_temperature,10,2026-05-20 17:58:00,27.500000,27.500000,27.496667,27.440395
th-1_temperature,10,2026-05-20 18:31:00,27.500000,27.700000,27.510000,27.526292
th-1_temperature,10,2026-05-20 19:04:00,28.800000,27.500000,27.506667,27.391327
th-1_temperature,10,2026-05-20 19:37:00,29.000000,29.000000,28.793333,28.918934
th-1_temperature,10,2026-05-20 20:10:00,29.000000,29.000000,29.030000,28.837707
th-1_temperature,10,2026-05-20 20:43:00,29.000000,29.000000,29.006667,28.955254
th-1_temperature,10,2026-05-20 21:16:00,29.000000,29.000000,29.000000,28.958316
th-1_temperature,10,2026-05-20 21:49:00,29.000000,29.000000,28.973333,28.932485
th-1_temperature,10,2026-05-20 22:22:00,28.900000,29.000000,28.970000,28.928212
th-1_temperature,10,2026-05-20 22:55:00,28.900000,28.900000,28.910000,28.794181
th-1_temperature,10,2026-05-20 23:28:00,28.900000,28.900000,28.900000,28.849344
th-1_temperature,10,2026-05-21 00:01:00,28.900000,28.900000,28.910000,28.791119
th-1_temperature,10,2026-05-21 00:34:00,28.900000,28.900000,28.890000,28.751530
th-1_temperature,10,2026-05-21 01:07:00,28.900000,28.900000,28.880000,28.782643
th-1_temperature,10,2026-05-21 01:40:00,28.900000,28.900000,28.900000,28.787396
th-1_temperature,10,2026-05-21 02:13:00,28.900000,28.900000,28.886667,28.821519
th-1_temperature,10,2026-05-21 02:46:00,28.800000,28.900000,28.883333,28.823660
th-1_temperature,10,2026-05-21 03:19:00,28.200000,28.600000,28.856667,28.386234
th-1_temperature,10,2026-05-21 03:52:00,27.500000,27.900000,28.090000,27.614100
th-1_temperature,10,2026-05-21 04:25:00,27.200000,27.200000,27.453333,27.086969
th-1_temperature,10,2026-05-21 04:58:00,27.200000,27.100000,27.210000,27.024835
th-1_temperature,10,2026-05-21 05:31:00,27.000000,27.000000,27.106667,26.933753
th-1_temperature,10,2026-05-21 06:04:00,27.000000,27.000000,26.996667,26.965856
th-1_temperature,10,2026-05-21 06:37:00,27.000000,27.000000,26.980000,26.924438
th-1_temperature,10,2026-05-21 07:10:00,27.000000,27.000000,27.006667,26.968878
th-1_temperature,10,2026-05-21 07:43:00,27.000000,27.000000,27.003333,27.005755
th-1_temperature,10,2026-05-21 08:16:00,27.000000,27.000000,27.000000,26.997289
th-1_temperature,10,2026-05-21 08:49:00,27.000000,27.000000,27.000000,26.957612
th-1_temperature,10,2026-05-21 09:22:00,27.900000,27.500000,27.060000,27.726819
th-1_temperature,10,2026-05-21 09:55:00,28.400000,28.200000,27.970000,28.378769
th-1_temperature,10,2026-05-21 10:28:00,28.800000,28.700000,28.580000,28.700623
th-1_temperature,10,2026-05-21 11:01:00,28.800000,28.800000,28.790000,28.843028
th-1_temperature,10,2026-05-21 11:34:00,29.000000,28.900000,28.866667,28.871594
th-1_temperature,10,2026-05-21 12:07:00,29.000000,29.000000,28.936667,28.970871
th-1_temperature,10,2026-05-21 12:40:00,29.000000,28.900000,28.980000,28.884867
th-1_temperature,10,2026-05-21 13:13:00,29.000000,29.000000,28.983333,28.959021
th-1_temperature,10,2026-05-21 13:46:00,29.000000,29.000000,29.000000,28.938942
th-1_temperature,10,2026-05-21 14:19:00,29.000000,29.000000,29.000000,28.988109
th-1_temperature,10,2026-05-21 14:52:00,29.000000,29.000000,29.000000,28.991904
th-1_temperature,10,2026-05-21 15:25:00,29.000000,29.000000,29.013333,28.955462
th-1_temperature,10,2026-05-21 15:58:00,29.100000,29.100000,29.060000,29.046516
th-1_temperature,10,2026-05-21 16:31:00,29.200000,29.200000,29.153333,29.149833
th-1_temperature,10,2026-05-21 17:04:00,29.200000,29.200000,29.200000,29.155422
th-1_temperature,10,2026-05-21 17:37:00,29.200000,29.200000,29.220000,29.134650
th-1_temperature,10,2026-05-21 18:10:00,29.300000,29.200000,29.206667,29.205525
th-1_temperature,10,2026-05-21 18:43:00,29.200000,29.200000,29.243333,29.147321
th-1_temperature,10,2026-05-21 19:16:00,29.200000,29.300000,29.213333,29.186207
th-1_temperature,10,2026-05-21 19:49:00,29.200000,29.200000,29.186667,29.146586
th-1_temperature,10,2026-05-21 20:22:00,29.200000,29.200000,29.210000,29.140400
th-1_temperature,10,2026-05-21 20:55:00,29.200000,29.200000,29.206667,29.087045
th-1_temperature,10,2026-05-21 21:28:00,29.200000,29.200000,29.203333,29.098515
th-1_temperature,10,2026-05-21 22:01:00,29.200000,29.200000,29.190000,29.174583
th-1_temperature,10,2026-05-21 22:34:00,29.100000,29.100000,29.193333,29.074015
th-1_temperature,10,2026-05-21 23:07:00,29.100000,29.200000,29.160000,29.110228
th-1_temperature,10,2026-05-21 23:40:00,29.200000,29.200000,29.160000,29.099521
th-1_temperature,10,2026-05-22 00:13:00,29.100000,29.100000,29.150000,29.018550
th-1_temperature,10,2026-05-22 00:46:00,29.100000,29.100000,29.133333,29.000952
th-1_temperature,10,2026-05-22 01:19:00,29.200000,29.100000,29.136667,29.021904
th-1_temperature,10,2026-05-22 01:52:00,29.200000,29.200000,29.183333,29.106598
th-1_temperature,10,2026-05-22 02:25:00,29.100000,29.100000,29.123333,29.028750
th-1_temperature,10,2026-05-22 02:58:00,29.200000,29.100000,29.163333,29.027751
th-1_temperature,10,2026-05-22 03:31:00,28.300000,28.400000,28.896667,28.162848
th-1_temperature,10,2026-05-22 04:04:00,27.500000,27.700000,28.056667,27.534763
th-1_temperature,10,2026-05-22 04:37:00,27.300000,27.400000,27.520000,27.247592
th-1_temperature,10,2026-05-22 05:10:00,27.300000,27.300000,27.263333,27.195879
th-1_temperature,10,2026-05-22 05:43:00,27.300000,27.300000,27.253333,27.219436
th-1_temperature,10,2026-05-22 06:16:00,27.200000,27.200000,27.226667,27.156272
th-1_temperature,10,2026-05-22 06:49:00,27.200000,27.100000,27.150000,27.070696
th-1_temperature,10,2026-05-22 07:22:00,27.100000,27.100000,27.136667,27.102101
th-1_temperature,10,2026-05-22 07:55:00,27.100000,27.100000,27.120000,27.065693
th-1_temperature,10,2026-05-22 08:28:00,27.100000,27.100000,27.100000,27.057647
th-1_temperature,10,2026-05-22 09:01:00,27.000000,27.100000,27.100000,27.076663
th-1_temperature,10,2026-05-22 09:34:00,28.100000,27.800000,27.330000,28.092925
th-1_temperature,10,2026-05-22 10:07:00,28.600000,28.600000,28.266667,28.693837
th-1_temperature,10,2026-05-22 10:40:00,28.500000,28.600000,28.666667,28.453331
th-1_temperature,10,2026-05-22 11:13:00,28.300000,28.400000,28.483333,28.284757
th-1_temperature,10,2026-05-22 11:46:00,28.300000,28.300000,28.336667,28.204589
th-1_temperature,10,2026-05-22 12:19:00,26.400000,26.400000,27.813333,26.186346
th-1_temperature,10,2026-05-22 12:52:00,26.400000,26.300000,26.366667,26.350896
th-1_temperature,10,2026-05-22 13:25:00,26.500000,26.400000,26.406667,26.309169
th-1_temperature,10,2026-05-22 13:58:00,26.500000,26.500000,26.443333,26.449046
th-1_temperature,10,2026-05-22 14:31:00,26.500000,26.500000,26.523333,26.442351
th-1_temperature,10,2026-05-22 15:04:00,26.500000,26.500000,26.506667,26.477264
th-1_temperature,10,2026-05-22 15:37:00,26.600000,26.600000,26.563333,26.566409
th-1_temperature,10,2026-05-22 16:10:00,26.600000,26.600000,26.593333,26.508391
th-1_temperature,10,2026-05-22 16:43:00,26.600000,26.600000,26.613333,26.602049
th-1_temperature,10,2026-05-22 17:16:00,26.500000,26.500000,26.600000,26.439542
th-1_temperature,10,2026-05-22 17:49:00,26.500000,26.500000,26.516667,26.429854
th-1_temperature,10,2026-05-22 18:22:00,26.600000,26.500000,26.530000,26.409610
th-1_temperature,10,2026-05-22 18:55:00,28.400000,28.400000,27.333333,28.341362
th-1_temperature,10,2026-05-22 19:28:00,28.400000,28.400000,28.353333,28.228585
th-1_temperature,10,2026-05-22 20:01:00,28.400000,28.300000,28.363333,28.221068
th-1_temperature,10,2026-05-22 20:34:00,28.200000,28.300000,28.340000,28.248014
th-1_temperature,10,2026-05-22 21:07:00,28.300000,28.200000,28.243333,28.169335
th-1_temperature,10,2026-05-22 21:40:00,28.200000,28.200000,28.216667,28.126625
th-1_temperature,10,2026-05-22 22:13:00,28.100000,28.200000,28.180000,28.120946
th-1_temperature,10,2026-05-22 22:46:00,28.100000,28.100000,28.123333,28.041903
th-1_temperature,10,2026-05-22 23:19:00,28.100000,28.100000,28.116667,27.995126
th-1_temperature,10,2026-05-22 23:52:00,28.100000,28.100000,28.103333,27.978587
th-1_temperature,10,2026-05-23 00:25:00,28.100000,28.100000,28.096667,28.062219
th-1_temperature,10,2026-05-23 00:58:00,28.100000,28.100000,28.086667,28.018808
th-1_temperature,10,2026-05-23 01:31:00,28.000000,28.100000,28.070000,28.036828
th-1_temperature,10,2026-05-23 02:04:00,28.000000,28.000000,28.063333,27.930530
th-1_temperature,10,2026-05-23 02:37:00,28.000000,28.000000,28.010000,27.961142
th-1_temperature,10,2026-05-23 03:10:00,27.900000,28.000000,28.000000,27.864945
th-1_temperature,10,2026-05-23 03:43:00,27.200000,27.400000,27.743333,27.278780
th-1_temperature,10,2026-05-23 04:16:00,26.800000,26.800000,27.043333,26.804543
th-1_temperature,10,2026-05-23 04:49:00,26.800000,26.800000,26.850000,26.764203
th-1_temperature,10,2026-05-23 05:22:00,26.700000,26.800000,26.780000,26.730837
th-1_temperature,10,2026-05-23 05:55:00,26.700000,26.800000,26.763333,26.717022
th-1_temperature,10,2026-05-23 06:28:00,26.700000,26.700000,26.663333,26.660038
th-1_temperature,10,2026-05-23 07:01:00,26.700000,26.700000,26.640000,26.607156
th-1_temperature,10,2026-05-23 07:34:00,26.600000,26.600000,26.673333,26.562064
th-1_temperature,10,2026-05-23 08:07:00,26.600000,26.600000,26.610000,26.584871
th-1_temperature,10,2026-05-23 08:40:00,26.600000,26.500000,26.556667,26.518449
th-1_temperature,10,2026-05-23 09:13:00,26.600000,26.500000,26.526667,26.537666
th-1_temperature,10,2026-05-23 09:46:00,27.300000,27.100000,26.826667,27.164225
th-1_temperature,10,2026-05-23 10:19:00,27.500000,27.500000,27.386667,27.507313
th-1_temperature,10,2026-05-23 10:52:00,27.700000,27.700000,27.563333,27.666253
th-1_temperature,10,2026-05-23 11:25:00,27.700000,27.700000,27.696667,27.697088
th-1_temperature,10,2026-05-23 11:58:00,27.700000,27.700000,27.703333,27.752349
th-1_temperature,10,2026-05-23 12:31:00,27.800000,27.700000,27.723333,27.734682
th-1_temperature,10,2026-05-23 13:04:00,27.800000,27.700000,27.780000,27.700633
th-1_temperature,10,2026-05-23 13:37:00,27.800000,27.800000,27.810000,27.799891
th-1_temperature,10,2026-05-23 14:10:00,27.800000,27.800000,27.803333,27.768751
th-1_temperature,10,2026-05-23 14:43:00,27.900000,27.800000,27.796667,27.745787
th-1_temperature,10,2026-05-23 15:16:00,27.900000,27.800000,27.880000,27.819862
th-1_temperature,10,2026-05-23 15:49:00,27.700000,27.800000,27.800000,27.788333
th-1_temperature,10,2026-05-23 16:22:00,27.700000,27.700000,27.730000,27.719397
th-1_temperature,10,2026-05-23 16:55:00,27.900000,27.800000,27.750000,27.787527
th-1_temperature,10,2026-05-23 17:28:00,27.900000,27.900000,27.886667,27.903983
th-1_temperature,10,2026-05-23 18:01:00,27.900000,28.000000,27.906667,27.998267
th-1_temperature,10,2026-05-23 18:34:00,28.000000,28.000000,27.920000,27.983428
th-1_temperature,10,2026-05-23 19:07:00,28.000000,28.000000,27.996667,27.973365
th-1_temperature,10,2026-05-23 19:40:00,28.000000,28.100000,28.000000,28.028603
th-1_temperature,10,2026-05-23 20:13:00,28.100000,28.100000,28.060000,28.033417
th-1_temperature,10,2026-05-23 20:46:00,28.000000,28.000000,28.023333,27.948107
th-1_temperature,10,2026-05-23 21:19:00,28.000000,28.000000,27.990000,27.937484
th-1_temperature,10,2026-05-23 21:52:00,28.000000,28.000000,27.993333,27.939771
th-1_temperature,10,2026-05-23 22:25:00,27.900000,27.900000,27.950000,27.857494
th-1_temperature,10,2026-05-23 22:58:00,27.900000,27.900000,27.916667,27.792400
th-1_temperature,10,2026-05-23 23:31:00,27.900000,27.900000,27.903333,27.825656
th-1_temperature,10,2026-05-24 00:04:00,27.900000,27.900000,27.900000,27.837076
th-1_temperature,10,2026-05-24 00:37:00,27.900000,27.900000,27.893333,27.853641
th-1_temperature,10,2026-05-24 01:10:00,27.900000,27.900000,27.866667,27.830352
th-1_temperature,10,2026-05-24 01:43:00,27.800000,27.900000,27.876667,27.861859
th-1_temperature,10,2026-05-24 02:16:00,27.800000,27.800000,27.860000,27.750098
th-1_temperature,10,2026-05-24 02:49:00,27.800000,27.800000,27.843333,27.732501
th-1_temperature,10,2026-05-24 03:22:00,27.500000,27.800000,27.840000,27.602382
th-1_temperature,10,2026-05-24 03:55:00,26.800000,27.000000,27.313333,26.922763
th-1_temperature,10,2026-05-24 04:28:00,26.700000,26.700000,26.766667,26.628809
th-1_temperature,10,2026-05-24 05:01:00,26.700000,26.800000,26.713333,26.709109
th-1_temperature,10,2026-05-24 05:34:00,26.700000,26.700000,26.713333,26.655478
th-1_temperature,10,2026-05-24 06:07:00,26.700000,26.700000,26.680000,26.612939
th-1_temperature,10,2026-05-24 06:40:00,26.700000,26.700000,26.700000,26.664799
th-1_temperature,10,2026-05-24 07:13:00,26.700000,26.700000,26.700000,26.672635
th-1_temperature,10,2026-05-24 07:46:00,26.600000,26.700000,26.680000,26.669920
th-1_temperature,10,2026-05-24 08:19:00,26.600000,26.600000,26.626667,26.603580
th-1_temperature,10,2026-05-24 08:52:00,26.600000,26.600000,26.590000,26.572305
th-1_temperature,10,2026-05-24 09:25:00,26.800000,26.700000,26.576667,26.788170
th-1_temperature,10,2026-05-24 09:58:00,27.400000,27.200000,26.986667,27.252923
th-1_temperature,10,2026-05-24 10:31:00,27.500000,27.500000,27.450000,27.471789
th-1_temperature,10,2026-05-24 11:04:00,27.600000,27.600000,27.556667,27.600188
th-1_temperature,10,2026-05-24 11:37:00,27.700000,27.700000,27.653333,27.699545
th-1_temperature,10,2026-05-24 12:10:00,27.700000,27.700000,27.696667,27.684987
th-1_temperature,10,2026-05-24 12:43:00,27.700000,27.700000,27.700000,27.721577
th-1_temperature,10,2026-05-24 13:16:00,27.800000,27.700000,27.713333,27.692003
th-1_temperature,10,2026-05-24 13:49:00,27.700000,27.800000,27.746667,27.747879
th-1_temperature,10,2026-05-24 14:22:00,27.700000,27.800000,27.740000,27.769375
th-1_temperature,10,2026-05-24 14:55:00,27.800000,27.800000,27.743333,27.728730
th-1_temperature,10,2026-05-24 15:28:00,27.700000,27.700000,27.786667,27.775846
th-1_temperature,10,2026-05-24 16:01:00,27.700000,27.700000,27.733333,27.666501
th-1_temperature,10,2026-05-24 16:34:00,27.800000,27.700000,27.736667,27.717661
th-1_temperature,10,2026-05-24 17:07:00,27.700000,27.700000,27.750000,27.688509
th-1_temperature,10,2026-05-24 17:40:00,27.700000,27.800000,27.730000,27.749202
th-1_temperature,10,2026-05-24 18:13:00,27.700000,27.700000,27.706667,27.714650
th-1_temperature,10,2026-05-24 18:46:00,27.700000,27.700000,27.706667,27.662415
th-1_temperature,10,2026-05-24 19:19:00,27.700000,27.700000,27.726667,27.699257
th-1_temperature,10,2026-05-24 19:52:00,27.700000,27.600000,27.696667,27.595810
th-1_temperature,10,2026-05-24 20:25:00,27.700000,27.700000,27.700000,27.690007
th-1_temperature,10,2026-05-24 20:58:00,27.700000,27.600000,27.653333,27.530684
th-1_temperature,10,2026-05-24 21:31:00,27.600000,27.600000,27.650000,27.529660
th-1_temperature,10,2026-05-24 22:04:00,27.700000,27.700000,27.650000,27.610399
th-1_temperature,10,2026-05-24 22:37:00,27.700000,27.600000,27.676667,27.564317
th-1_temperature,10,2026-05-24 23:10:00,27.600000,27.600000,27.630000,27.548605
th-1_temperature,10,2026-05-24 23:43:00,27.600000,27.700000,27.610000,27.600441
th-1_temperature,10,2026-05-25 00:16:00,27.600000,27.600000,27.570000,27.548650
th-1_temperature,10,2026-05-25 00:49:00,27.600000,27.600000,27.590000,27.544222
th-1_temperature,10,2026-05-25 01:22:00,27.500000,27.500000,27.563333,27.481678
th-1_temperature,10,2026-05-25 01:55:00,27.500000,27.500000,27.533333,27.416949
th-1_temperature,10,2026-05-25 02:28:00,27.500000,27.500000,27.500000,27.516958
th-1_temperature,10,2026-05-25 03:01:00,27.500000,27.500000,27.506667,27.512609
th-1_temperature,10,2026-05-25 03:34:00,26.900000,27.200000,27.416667,27.075749
th-1_temperature,10,2026-05-25 04:07:00,26.400000,26.500000,26.723333,26.478354
th-1_temperature,10,2026-05-25 04:40:00,26.300000,26.300000,26.340000,26.227584
th-1_temperature,10,2026-05-25 05:13:00,26.300000,26.300000,26.330000,26.272226
th-1_temperature,10,2026-05-25 05:46:00,26.300000,26.400000,26.323333,26.318614
th-1_temperature,10,2026-05-25 06:19:00,26.400000,26.400000,26.356667,26.395520
th-1_temperature,10,2026-05-25 06:52:00,26.400000,26.400000,26.400000,26.310864
th-1_temperature,10,2026-05-25 07:25:00,26.400000,26.400000,26.400000,26.405798
th-1_temperature,10,2026-05-25 07:58:00,26.400000,26.400000,26.400000,26.347065
th-1_temperature,10,2026-05-25 08:31:00,26.300000,26.400000,26.400000,26.380866
th-1_temperature,10,2026-05-25 09:04:00,26.000000,26.300000,26.346667,26.311181
th-1_temperature,10,2026-05-25 09:37:00,26.600000,26.500000,26.163333,26.613467
th-1_temperature,10,2026-05-25 10:10:00,27.100000,27.100000,26.816667,27.151893
th-1_temperature,10,2026-05-25 10:43:00,27.300000,27.300000,27.196667,27.351052
th-1_temperature,10,2026-05-25 11:16:00,27.300000,27.300000,27.290000,27.336472
th-1_temperature,10,2026-05-25 11:49:00,25.400000,25.400000,26.263333,25.491156
th-1_temperature,10,2026-05-25 12:22:00,25.400000,25.400000,25.406667,25.490223
th-1_temperature,10,2026-05-25 12:55:00,25.400000,25.400000,25.403333,25.364783
th-1_temperature,10,2026-05-25 13:28:00,25.400000,25.600000,25.516667,25.497767
th-1_temperature,10,2026-05-25 14:01:00,25.500000,25.500000,25.503333,25.501018
th-1_temperature,10,2026-05-25 14:34:00,25.600000,25.600000,25.496667,25.507871
th-1_temperature,10,2026-05-25 15:07:00,25.700000,25.600000,25.600000,25.612375
th-1_temperature,10,2026-05-25 15:40:00,25.700000,25.700000,25.673333,25.640194
th-1_temperature,10,2026-05-25 16:13:00,25.800000,25.700000,25.673333,25.638741
th-1_temperature,10,2026-05-25 16:46:00,25.700000,25.800000,25.790000,25.802794
th-1_temperature,10,2026-05-25 17:19:00,25.900000,25.800000,25.806667,25.722071
th-1_temperature,10,2026-05-25 17:52:00,25.800000,25.800000,25.873333,25.701995
th-1_temperature,10,2026-05-25 18:25:00,25.700000,25.700000,25.740000,25.677770
th-1_temperature,10,2026-05-25 18:58:00,25.600000,25.600000,25.676667,25.549395
th-1_temperature,10,2026-05-25 19:31:00,25.600000,25.600000,25.606667,25.484838
th-1_temperature,10,2026-05-25 20:04:00,25.700000,25.500000,25.586667,25.455222
th-1_temperature,10,2026-05-25 20:37:00,25.500000,25.600000,25.610000,25.451341
th-1_temperature,10,2026-05-25 21:10:00,25.500000,25.500000,25.490000,25.381325
th-1_temperature,10,2026-05-25 21:43:00,25.500000,25.400000,25.426667,25.353912
th-1_temperature,10,2026-05-25 22:16:00,25.400000,25.300000,25.400000,25.226656
th-1_temperature,10,2026-05-25 22:49:00,25.300000,25.200000,25.346667,25.145974
th-1_temperature,10,2026-05-25 23:22:00,25.300000,25.400000,25.310000,25.241943
th-1_temperature,10,2026-05-25 23:55:00,25.300000,25.300000,25.303333,25.177227
th-1_temperature,10,2026-05-26 00:28:00,25.300000,25.300000,25.283333,25.179914
th-1_temperature,10,2026-05-26 01:01:00,25.300000,25.300000,25.260000,25.203135
th-1_temperature,10,2026-05-26 01:34:00,25.200000,25.300000,25.263333,25.221056
th-1_temperature,10,2026-05-26 02:07:00,25.300000,25.300000,25.223333,25.215203
th-1_temperature,10,2026-05-26 02:40:00,25.200000,25.200000,25.210000,25.127992
th-1_temperature,10,2026-05-26 03:13:00,25.000000,25.100000,25.200000,24.902179
th-1_temperature,10,2026-05-26 03:46:00,24.600000,24.700000,24.870000,24.561201
th-1_temperature,10,2026-05-26 04:19:00,24.300000,24.400000,24.533333,24.242682
th-1_temperature,10,2026-05-26 04:52:00,24.200000,24.300000,24.330000,24.207978
th-1_temperature,10,2026-05-26 05:25:00,24.000000,24.100000,24.196667,23.979833
th-1_temperature,10,2026-05-26 05:58:00,24.100000,24.000000,24.033333,23.924343
th-1_temperature,10,2026-05-26 06:31:00,24.100000,24.100000,24.086667,24.050880
th-1_temperature,10,2026-05-26 07:04:00,23.900000,23.900000,24.036667,23.848172
th-1_temperature,10,2026-05-26 07:37:00,23.900000,24.000000,23.943333,23.886385
th-1_temperature,10,2026-05-26 08:10:00,23.800000,23.900000,23.866667,23.802488
th-1_temperature,10,2026-05-26 08:43:00,23.900000,23.900000,23.840000,23.812156
th-1_temperature,10,2026-05-26 09:16:00,24.000000,23.900000,23.820000,23.974886
th-1_temperature,10,2026-05-26 09:49:00,24.400000,24.300000,24.096667,24.366731
th-1_temperature,10,2026-05-26 10:22:00,24.400000,24.400000,24.353333,24.420117
th-1_temperature,10,2026-05-26 10:55:00,24.500000,24.600000,24.470000,24.619767
th-1_temperature,10,2026-05-26 11:28:00,24.500000,24.500000,24.516667,24.480861
th-1_temperature,10,2026-05-26 12:01:00,24.600000,24.500000,24.506667,24.507554
th-1_temperature,10,2026-05-26 12:34:00,24.500000,24.600000,24.566667,24.561299
th-1_temperature,10,2026-05-26 13:07:00,24.500000,24.600000,24.560000,24.579543
th-1_temperature,10,2026-05-26 13:40:00,24.600000,24.600000,24.553333,24.536862
th-1_temperature,10,2026-05-26 14:13:00,24.600000,24.600000,24.596667,24.523491
th-1_temperature,10,2026-05-26 14:46:00,24.800000,24.700000,24.656667,24.667505
th-1_temperature,10,2026-05-26 15:19:00,24.800000,24.900000,24.786667,24.832840
th-1_temperature,10,2026-05-26 15:52:00,24.800000,24.800000,24.803333,24.800053
th-1_temperature,10,2026-05-26 16:25:00,24.800000,24.900000,24.860000,24.907589
th-1_temperature,10,2026-05-26 16:58:00,24.900000,24.900000,24.826667,24.848028
th-1_temperature,10,2026-05-26 17:31:00,24.900000,24.800000,24.876667,24.797087
th-1_temperature,10,2026-05-26 18:04:00,24.900000,24.900000,24.896667,24.849178
th-1_temperature,10,2026-05-26 18:37:00,24.900000,24.900000,24.903333,24.917718
th-1_temperature,10,2026-05-26 19:10:00,25.000000,25.000000,24.963333,24.932579
th-1_temperature,10,2026-05-26 19:43:00,25.000000,25.000000,24.980000,24.926692
th-1_temperature,10,2026-05-26 20:16:00,24.900000,25.000000,24.976667,24.951161
th-1_temperature,10,2026-05-26 20:49:00,25.000000,25.000000,24.946667,24.902504
th-1_temperature,10,2026-05-26 21:22:00,24.900000,24.900000,24.930000,24.776438
th-1_temperature,10,2026-05-26 21:55:00,24.800000,24.800000,24.830000,24.734405
th-1_temperature,30,2026-05-15 09:06:00,27.900000,26.500000,26.506667,26.879069
th-1_temperature,30,2026-05-15 09:39:00,28.700000,27.900000,27.286667,28.542357
th-1_temperature,30,2026-05-15 10:12:00,28.700000,28.700000,28.456667,28.757515
th-1_temperature,30,2026-05-15 10:45:00,28.800000,28.700000,28.696667,28.727159
th-1_temperature,30,2026-05-15 11:18:00,28.900000,28.800000,28.800000,28.862874
th-1_temperature,30,2026-05-15 11:51:00,29.000000,28.900000,28.850000,28.946389
th-1_temperature,30,2026-05-15 12:24:00,29.000000,29.000000,28.960000,28.951618
th-1_temperature,30,2026-05-15 12:57:00,29.000000,29.000000,28.980000,29.004271
th-1_temperature,30,2026-05-15 13:30:00,28.900000,29.000000,28.963333,29.068272
th-1_temperature,30,2026-05-15 14:03:00,28.900000,28.800000,28.943333,28.839065
th-1_temperature,30,2026-05-15 14:36:00,28.900000,28.900000,28.906667,28.901498
th-1_temperature,30,2026-05-15 15:09:00,28.900000,28.900000,28.930000,28.904346
th-1_temperature,30,2026-05-15 15:42:00,28.900000,28.900000,28.890000,28.894932
th-1_temperature,30,2026-05-15 16:15:00,28.900000,28.900000,28.903333,28.890200
th-1_temperature,30,2026-05-15 16:48:00,28.900000,28.900000,28.926667,28.857435
th-1_temperature,30,2026-05-15 17:21:00,28.900000,28.800000,28.923333,28.820924
th-1_temperature,30,2026-05-15 17:54:00,28.900000,28.900000,28.920000,28.781599
th-1_temperature,30,2026-05-15 18:27:00,28.900000,28.900000,28.900000,28.693474
th-1_temperature,30,2026-05-15 19:00:00,29.000000,28.800000,28.916667,28.752409
th-1_temperature,30,2026-05-15 19:33:00,28.900000,28.900000,28.866667,28.869693
th-1_temperature,30,2026-05-15 20:06:00,28.900000,28.900000,28.863333,28.644895
th-1_temperature,30,2026-05-15 20:39:00,28.900000,28.900000,28.893333,28.719587
th-1_temperature,30,2026-05-15 21:12:00,28.800000,28.900000,28.853333,28.709322
th-1_temperature,30,2026-05-15 21:45:00,28.900000,28.900000,28.903333,28.811455
th-1_temperature,30,2026-05-15 22:18:00,28.900000,28.900000,28.870000,28.698271
th-1_temperature,30,2026-05-15 22:51:00,28.800000,28.900000,28.880000,28.703600
th-1_temperature,30,2026-05-15 23:24:00,28.800000,28.800000,28.846667,28.660640
th-1_temperature,30,2026-05-15 23:57:00,28.900000,28.800000,28.826667,28.573735
th-1_temperature,30,2026-05-16 00:30:00,28.800000,28.900000,28.820000,28.643292
th-1_temperature,30,2026-05-16 01:03:00,28.800000,28.800000,28.810000,28.607210
th-1_temperature,30,2026-05-16 01:36:00,28.800000,28.800000,28.803333,28.663588
th-1_temperature,30,2026-05-16 02:09:00,28.800000,28.800000,28.793333,28.556715
th-1_temperature,30,2026-05-16 02:42:00,28.500000,28.800000,28.800000,28.574364
th-1_temperature,30,2026-05-16 03:15:00,27.200000,28.400000,28.733333,27.572487
th-1_temperature,30,2026-05-16 03:48:00,26.500000,27.100000,27.596667,26.592711
th-1_temperature,30,2026-05-16 04:21:00,26.300000,26.500000,26.703333,26.343723
th-1_temperature,30,2026-05-16 04:54:00,26.200000,26.300000,26.306667,26.160267
th-1_temperature,30,2026-05-16 05:27:00,26.200000,26.200000,26.256667,25.994530
th-1_temperature,30,2026-05-16 06:00:00,26.200000,26.300000,26.230000,26.194377
th-1_temperature,30,2026-05-16 06:33:00,26.200000,26.200000,26.226667,26.070221
th-1_temperature,30,2026-05-16 07:06:00,26.200000,26.200000,26.213333,26.131627
th-1_temperature,30,2026-05-16 07:39:00,26.200000,26.100000,26.196667,26.127326
th-1_temperature,30,2026-05-16 08:12:00,26.100000,26.200000,26.173333,26.171720
th-1_temperature,30,2026-05-16 08:45:00,26.400000,26.100000,26.116667,26.151438
th-1_temperature,30,2026-05-16 09:18:00,27.900000,26.500000,26.180000,27.376634
th-1_temperature,30,2026-05-16 09:51:00,28.300000,28.000000,27.493333,28.275050
th-1_temperature,30,2026-05-16 10:24:00,28.400000,28.300000,28.260000,28.342927
th-1_temperature,30,2026-05-16 10:57:00,28.500000,28.400000,28.386667,28.496899
th-1_temperature,30,2026-05-16 11:30:00,28.600000,28.600000,28.506667,28.709711
th-1_temperature,30,2026-05-16 12:03:00,28.600000,28.500000,28.570000,28.563874
th-1_temperature,30,2026-05-16 12:36:00,28.600000,28.600000,28.586667,28.631151
th-1_temperature,30,2026-05-16 13:09:00,28.600000,28.600000,28.600000,28.622497
th-1_temperature,30,2026-05-16 13:42:00,28.600000,28.600000,28.610000,28.611795
th-1_temperature,30,2026-05-16 14:15:00,28.600000,28.600000,28.593333,28.607783
th-1_temperature,30,2026-05-16 14:48:00,28.600000,28.600000,28.610000,28.715509
th-1_temperature,30,2026-05-16 15:21:00,28.500000,28.600000,28.613333,28.648242
th-1_temperature,30,2026-05-16 15:54:00,28.600000,28.600000,28.590000,28.697311
th-1_temperature,30,2026-05-16 16:27:00,28.600000,28.600000,28.616667,28.636443
th-1_temperature,30,2026-05-16 17:00:00,28.800000,28.700000,28.660000,28.733465
th-1_temperature,30,2026-05-16 17:33:00,28.800000,28.700000,28.716667,28.646687
th-1_temperature,30,2026-05-16 18:06:00,28.800000,28.800000,28.733333,28.756573
th-1_temperature,30,2026-05-16 18:39:00,28.800000,28.800000,28.780000,28.699736
th-1_temperature,30,2026-05-16 19:12:00,28.800000,28.800000,28.800000,28.649608
th-1_temperature,30,2026-05-16 19:45:00,28.700000,28.800000,28.803333,28.646441
th-1_temperature,30,2026-05-16 20:18:00,28.700000,28.700000,28.720000,28.553597
th-1_temperature,30,2026-05-16 20:51:00,28.700000,28.700000,28.710000,28.654015
th-1_temperature,30,2026-05-16 21:24:00,28.700000,28.700000,28.696667,28.544238
th-1_temperature,30,2026-05-16 21:57:00,28.600000,28.700000,28.663333,28.538619
th-1_temperature,30,2026-05-16 22:30:00,28.600000,28.600000,28.630000,28.424197
th-1_temperature,30,2026-05-16 23:03:00,28.600000,28.600000,28.633333,28.322365
th-1_temperature,30,2026-05-16 23:36:00,28.500000,28.600000,28.633333,28.349099
th-1_temperature,30,2026-05-17 00:09:00,28.700000,28.500000,28.583333,28.330870
th-1_temperature,30,2026-05-17 00:42:00,28.600000,28.700000,28.623333,28.483097
th-1_temperature,30,2026-05-17 01:15:00,28.600000,28.600000,28.596667,28.447430
th-1_temperature,30,2026-05-17 01:48:00,28.600000,28.600000,28.596667,28.443060
th-1_temperature,30,2026-05-17 02:21:00,28.600000,28.600000,28.600000,28.487829
th-1_temperature,30,2026-05-17 02:54:00,27.700000,28.600000,28.596667,28.401291
th-1_temperature,30,2026-05-17 03:27:00,26.600000,27.600000,28.216667,26.838797
th-1_temperature,30,2026-05-17 04:00:00,26.100000,26.600000,26.966667,26.303452
th-1_temperature,30,2026-05-17 04:33:00,26.000000,26.100000,26.226667,25.963762
th-1_temperature,30,2026-05-17 05:06:00,26.000000,26.000000,26.003333,25.826218
th-1_temperature,30,2026-05-17 05:39:00,26.000000,26.000000,26.036667,25.824363
th-1_temperature,30,2026-05-17 06:12:00,26.000000,26.000000,26.010000,25.889492
th-1_temperature,30,2026-05-17 06:45:00,26.000000,26.000000,26.000000,25.934064
th-1_temperature,30,2026-05-17 07:18:00,26.000000,25.900000,25.996667,25.903268
th-1_temperature,30,2026-05-17 07:51:00,25.900000,25.900000,25.963333,25.969713
th-1_temperature,30,2026-05-17 08:24:00,25.900000,25.900000,25.950000,25.956171
th-1_temperature,30,2026-05-17 08:57:00,27.000000,26.000000,25.930000,26.041338
th-1_temperature,30,2026-05-17 09:30:00,28.000000,27.100000,26.346667,27.727197
th-1_temperature,30,2026-05-17 10:03:00,28.100000,28.000000,27.716667,28.268235
th-1_temperature,30,2026-05-17 10:36:00,28.300000,28.200000,28.113333,28.217352
th-1_temperature,30,2026-05-17 11:09:00,28.400000,28.400000,28.256667,28.457856
th-1_temperature,30,2026-05-17 11:42:00,28.400000,28.400000,28.396667,28.447259
th-1_temperature,30,2026-05-17 12:15:00,28.500000,28.500000,28.416667,28.479886
th-1_temperature,30,2026-05-17 12:48:00,28.400000,28.500000,28.416667,28.522914
th-1_temperature,30,2026-05-17 13:21:00,28.500000,28.400000,28.446667,28.483065
th-1_temperature,30,2026-05-17 13:54:00,28.400000,28.500000,28.490000,28.626014
th-1_temperature,30,2026-05-17 14:27:00,28.600000,28.400000,28.500000,28.454261
th-1_temperature,30,2026-05-17 15:00:00,28.600000,28.500000,28.516667,28.582856
th-1_temperature,30,2026-05-17 15:33:00,28.600000,28.500000,28.536667,28.508400
th-1_temperature,30,2026-05-17 16:06:00,28.700000,28.600000,28.593333,28.587986
th-1_temperature,30,2026-05-17 16:39:00,28.800000,28.700000,28.673333,28.651938
th-1_temperature,30,2026-05-17 17:12:00,28.700000,28.700000,28.706667,28.676451
th-1_temperature,30,2026-05-17 17:45:00,28.700000,28.700000,28.716667,28.645467
th-1_temperature,30,2026-05-17 18:18:00,28.800000,28.800000,28.740000,28.786313
th-1_temperature,30,2026-05-17 18:51:00,28.700000,28.700000,28.796667,28.590665
th-1_temperature,30,2026-05-17 19:24:00,28.700000,28.800000,28.740000,28.667544
th-1_temperature,30,2026-05-17 19:57:00,28.600000,28.600000,28.703333,28.452594
th-1_temperature,30,2026-05-17 20:30:00,28.600000,28.600000,28.630000,28.513232
th-1_temperature,30,2026-05-17 21:03:00,28.500000,28.600000,28.593333,28.436099
th-1_temperature,30,2026-05-17 21:36:00,28.600000,28.600000,28.583333,28.479470
th-1_temperature,30,2026-05-17 22:09:00,28.600000,28.600000,28.556667,28.413553
th-1_temperature,30,2026-05-17 22:42:00,28.600000,28.600000,28.593333,28.377449
th-1_temperature,30,2026-05-17 23:15:00,28.600000,28.600000,28.590000,28.402592
th-1_temperature,30,2026-05-17 23:48:00,28.600000,28.500000,28.576667,28.425547
th-1_temperature,30,2026-05-18 00:21:00,28.600000,28.600000,28.590000,28.430730
th-1_temperature,30,2026-05-18 00:54:00,28.500000,28.500000,28.576667,28.296158
th-1_temperature,30,2026-05-18 01:27:00,28.600000,28.600000,28.543333,28.407094
th-1_temperature,30,2026-05-18 02:00:00,28.600000,28.600000,28.583333,28.392849
th-1_temperature,30,2026-05-18 02:33:00,28.600000,28.600000,28.580000,28.450323
th-1_temperature,30,2026-05-18 03:06:00,27.300000,28.600000,28.603333,28.112990
th-1_temperature,30,2026-05-18 03:39:00,26.400000,27.200000,27.736667,26.657249
th-1_temperature,30,2026-05-18 04:12:00,26.000000,26.300000,26.680000,26.266468
th-1_temperature,30,2026-05-18 04:45:00,26.000000,25.900000,26.153333,25.939984
th-1_temperature,30,2026-05-18 05:18:00,26.100000,26.000000,26.000000,25.838870
th-1_temperature,30,2026-05-18 05:51:00,26.000000,26.000000,26.013333,25.841495
th-1_temperature,30,2026-05-18 06:24:00,26.000000,26.000000,26.050000,25.957444
th-1_temperature,30,2026-05-18 06:57:00,26.000000,26.000000,26.010000,26.069266
th-1_temperature,30,2026-05-18 07:30:00,26.000000,26.000000,26.003333,26.049215
th-1_temperature,30,2026-05-18 08:03:00,26.000000,26.000000,26.006667,26.083254
th-1_temperature,30,2026-05-18 08:36:00,26.000000,26.000000,26.000000,25.972938
th-1_temperature,30,2026-05-18 09:09:00,27.500000,26.100000,26.003333,26.712639
th-1_temperature,30,2026-05-18 09:42:00,28.200000,27.600000,26.986667,28.105801
th-1_temperature,30,2026-05-18 10:15:00,28.400000,28.200000,28.046667,28.231990
th-1_temperature,30,2026-05-18 10:48:00,28.400000,28.600000,28.383333,28.614283
th-1_temperature,30,2026-05-18 11:21:00,28.600000,28.400000,28.500000,28.555834
th-1_temperature,30,2026-05-18 11:54:00,28.600000,28.600000,28.496667,28.616099
th-1_temperature,30,2026-05-18 12:27:00,28.800000,28.600000,28.586667,28.659663
th-1_temperature,30,2026-05-18 13:00:00,28.800000,28.800000,28.763333,28.761430
th-1_temperature,30,2026-05-18 13:33:00,28.700000,28.700000,28.770000,28.671289
th-1_temperature,30,2026-05-18 14:06:00,28.600000,28.700000,28.703333,28.775562
th-1_temperature,30,2026-05-18 14:39:00,28.700000,28.700000,28.680000,28.749610
th-1_temperature,30,2026-05-18 15:12:00,28.800000,28.800000,28.710000,28.883959
th-1_temperature,30,2026-05-18 15:45:00,28.800000,28.800000,28.790000,28.937769
th-1_temperature,30,2026-05-18 16:18:00,28.800000,28.800000,28.770000,28.705528
th-1_temperature,30,2026-05-18 16:51:00,28.800000,28.800000,28.800000,28.793554
th-1_temperature,30,2026-05-18 17:24:00,28.800000,28.800000,28.776667,28.791600
th-1_temperature,30,2026-05-18 17:57:00,28.800000,28.800000,28.770000,28.732606
th-1_temperature,30,2026-05-18 18:30:00,28.700000,28.700000,28.750000,28.673311
th-1_temperature,30,2026-05-18 19:03:00,28.800000,28.700000,28.763333,28.672674
th-1_temperature,30,2026-05-18 19:36:00,28.700000,28.700000,28.776667,28.691827
th-1_temperature,30,2026-05-18 20:09:00,28.800000,28.700000,28.713333,28.646779
th-1_temperature,30,2026-05-18 20:42:00,28.700000,28.700000,28.700000,28.694893
th-1_temperature,30,2026-05-18 21:15:00,28.700000,28.700000,28.680000,28.558713
th-1_temperature,30,2026-05-18 21:48:00,28.700000,28.700000,28.670000,28.508662
th-1_temperature,30,2026-05-18 22:21:00,28.700000,28.700000,28.700000,28.495422
th-1_temperature,30,2026-05-18 22:54:00,28.600000,28.700000,28.680000,28.516486
th-1_temperature,30,2026-05-18 23:27:00,28.600000,28.600000,28.616667,28.492969
th-1_temperature,30,2026-05-19 00:00:00,28.500000,28.600000,28.596667,28.280655
th-1_temperature,30,2026-05-19 00:33:00,28.400000,28.600000,28.550000,28.394360
th-1_temperature,30,2026-05-19 01:06:00,28.400000,28.400000,28.470000,28.286415
th-1_temperature,30,2026-05-19 01:39:00,28.400000,28.400000,28.403333,28.191368
th-1_temperature,30,2026-05-19 02:12:00,28.300000,28.300000,28.386667,28.190084
th-1_temperature,30,2026-05-19 02:45:00,27.900000,28.200000,28.296667,28.070287
th-1_temperature,30,2026-05-19 03:18:00,26.500000,27.700000,28.143333,26.819226
th-1_temperature,30,2026-05-19 03:51:00,26.000000,26.500000,26.913333,26.016029
th-1_temperature,30,2026-05-19 04:24:00,25.700000,26.000000,26.150000,25.796636
th-1_temperature,30,2026-05-19 04:57:00,25.500000,25.700000,25.816667,25.643975
th-1_temperature,30,2026-05-19 05:30:00,25.400000,25.500000,25.576667,25.429519
th-1_temperature,30,2026-05-19 06:03:00,25.100000,25.300000,25.410000,25.369003
th-1_temperature,30,2026-05-19 06:36:00,25.000000,25.100000,25.186667,25.188594
th-1_temperature,30,2026-05-19 07:09:00,25.000000,25.000000,25.086667,25.092984
th-1_temperature,30,2026-05-19 07:42:00,25.200000,25.000000,25.010000,25.168762
th-1_temperature,30,2026-05-19 08:15:00,25.100000,25.200000,25.086667,25.251775
th-1_temperature,30,2026-05-19 08:48:00,25.900000,25.200000,25.173333,25.368369
th-1_temperature,30,2026-05-19 09:21:00,27.500000,26.100000,25.416667,26.934550
th-1_temperature,30,2026-05-19 09:54:00,27.900000,27.500000,27.100000,27.892077
th-1_temperature,30,2026-05-19 10:27:00,28.200000,28.000000,27.853333,28.310416
th-1_temperature,30,2026-05-19 11:00:00,28.500000,28.200000,28.166667,28.380473
th-1_temperature,30,2026-05-19 11:33:00,28.500000,28.500000,28.420000,28.710330
th-1_temperature,30,2026-05-19 12:06:00,28.700000,28.500000,28.520000,28.625477
th-1_temperature,30,2026-05-19 12:39:00,28.900000,28.700000,28.653333,28.833848
th-1_temperature,30,2026-05-19 13:12:00,29.300000,28.800000,28.773333,29.026162
th-1_temperature,30,2026-05-19 13:45:00,29.300000,29.300000,29.143333,29.489385
th-1_temperature,30,2026-05-19 14:18:00,29.400000,29.300000,29.186667,29.608791
th-1_temperature,30,2026-05-19 14:51:00,29.800000,29.400000,29.426667,29.503092
th-1_temperature,30,2026-05-19 15:24:00,29.600000,29.600000,29.570000,29.829263
th-1_temperature,30,2026-05-19 15:57:00,29.700000,29.600000,29.596667,29.614612
th-1_temperature,30,2026-05-19 16:30:00,29.600000,29.700000,29.596667,29.862729
th-1_temperature,30,2026-05-19 17:03:00,29.500000,29.600000,29.633333,29.633893
th-1_temperature,30,2026-05-19 17:36:00,29.300000,29.500000,29.560000,29.375627
th-1_temperature,30,2026-05-19 18:09:00,29.500000,29.400000,29.433333,29.445626
th-1_temperature,30,2026-05-19 18:42:00,29.700000,29.500000,29.510000,29.620969
th-1_temperature,30,2026-05-19 19:15:00,29.600000,29.600000,29.496667,29.603284
th-1_temperature,30,2026-05-19 19:48:00,29.500000,29.600000,29.583333,29.282014
th-1_temperature,30,2026-05-19 20:21:00,29.400000,29.500000,29.550000,29.168281
th-1_temperature,30,2026-05-19 20:54:00,29.300000,29.400000,29.406667,29.181099
th-1_temperature,30,2026-05-19 21:27:00,29.300000,29.300000,29.326667,29.221226
th-1_temperature,30,2026-05-19 22:00:00,29.300000,29.200000,29.290000,29.104064
th-1_temperature,30,2026-05-19 22:33:00,29.300000,29.300000,29.290000,29.056032
th-1_temperature,30,2026-05-19 23:06:00,29.200000,29.300000,29.273333,28.989296
th-1_temperature,30,2026-05-19 23:39:00,29.100000,29.200000,29.210000,28.888394
th-1_temperature,30,2026-05-20 00:12:00,29.100000,29.100000,29.160000,28.830532
th-1_temperature,30,2026-05-20 00:45:00,29.000000,29.000000,29.090000,28.764297
th-1_temperature,30,2026-05-20 01:18:00,29.000000,29.000000,29.000000,28.810997
th-1_temperature,30,2026-05-20 01:51:00,29.000000,29.000000,29.000000,28.865348
th-1_temperature,30,2026-05-20 02:24:00,28.800000,28.900000,28.956667,28.607130
th-1_temperature,30,2026-05-20 02:57:00,27.700000,28.800000,28.840000,28.500731
th-1_temperature,30,2026-05-20 03:30:00,26.800000,27.600000,28.280000,26.760376
th-1_temperature,30,2026-05-20 04:03:00,26.400000,26.800000,27.086667,26.509074
th-1_temperature,30,2026-05-20 04:36:00,26.100000,26.300000,26.520000,26.179835
th-1_temperature,30,2026-05-20 05:09:00,26.100000,26.100000,26.206667,26.120487
th-1_temperature,30,2026-05-20 05:42:00,26.100000,26.000000,26.140000,26.051286
th-1_temperature,30,2026-05-20 06:15:00,25.700000,25.900000,25.980000,25.948823
th-1_temperature,30,2026-05-20 06:48:00,25.800000,25.700000,25.910000,25.855099
th-1_temperature,30,2026-05-20 07:21:00,26.000000,25.800000,25.726667,26.032748
th-1_temperature,30,2026-05-20 07:54:00,25.900000,25.900000,25.970000,25.983286
th-1_temperature,30,2026-05-20 08:27:00,25.900000,26.000000,25.940000,26.061227
th-1_temperature,30,2026-05-20 09:00:00,27.600000,25.900000,25.826667,26.142490
th-1_temperature,30,2026-05-20 09:33:00,28.500000,27.700000,26.916667,28.139375
th-1_temperature,30,2026-05-20 10:06:00,28.700000,28.600000,28.260000,28.759994
th-1_temperature,30,2026-05-20 10:39:00,28.000000,28.800000,28.686667,28.938956
th-1_temperature,30,2026-05-20 11:12:00,27.000000,27.300000,28.773333,26.453873
th-1_temperature,30,2026-05-20 11:45:00,27.500000,27.000000,26.950000,27.285813
th-1_temperature,30,2026-05-20 12:18:00,29.500000,27.800000,27.166667,28.646997
th-1_temperature,30,2026-05-20 12:51:00,29.700000,29.500000,29.083333,29.352587
th-1_temperature,30,2026-05-20 13:24:00,28.300000,29.700000,29.690000,29.544935
th-1_temperature,30,2026-05-20 13:57:00,27.500000,28.200000,29.043333,27.147553
th-1_temperature,30,2026-05-20 14:30:00,27.300000,27.500000,27.680000,27.111490
th-1_temperature,30,2026-05-20 15:03:00,27.300000,27.300000,27.326667,27.308254
th-1_temperature,30,2026-05-20 15:36:00,27.300000,27.300000,27.306667,27.163887
th-1_temperature,30,2026-05-20 16:09:00,27.400000,27.400000,27.336667,27.318537
th-1_temperature,30,2026-05-20 16:42:00,27.500000,27.500000,27.426667,27.398321
th-1_temperature,30,2026-05-20 17:15:00,27.500000,27.500000,27.480000,27.391053
th-1_temperature,30,2026-05-20 17:48:00,27.500000,27.400000,27.506667,27.414335
th-1_temperature,30,2026-05-20 18:21:00,27.500000,27.500000,27.493333,27.408950
th-1_temperature,30,2026-05-20 18:54:00,29.000000,27.500000,27.540000,27.285894
th-1_temperature,30,2026-05-20 19:27:00,29.100000,29.000000,28.290000,28.921843
th-1_temperature,30,2026-05-20 20:00:00,29.000000,29.100000,29.043333,28.741134
th-1_temperature,30,2026-05-20 20:33:00,29.000000,29.000000,29.013333,28.869609
th-1_temperature,30,2026-05-20 21:06:00,29.000000,29.000000,29.000000,28.878519
th-1_temperature,30,2026-05-20 21:39:00,28.900000,29.000000,28.983333,28.823509
th-1_temperature,30,2026-05-20 22:12:00,28.900000,29.000000,28.973333,28.787525
th-1_temperature,30,2026-05-20 22:45:00,28.900000,29.000000,28.926667,28.836907
th-1_temperature,30,2026-05-20 23:18:00,29.000000,28.900000,28.900000,28.708555
th-1_temperature,30,2026-05-20 23:51:00,28.900000,28.900000,28.910000,28.768101
th-1_temperature,30,2026-05-21 00:24:00,28.900000,28.900000,28.890000,28.699516
th-1_temperature,30,2026-05-21 00:57:00,28.900000,28.900000,28.883333,28.693926
th-1_temperature,30,2026-05-21 01:30:00,28.900000,28.900000,28.896667,28.784937
th-1_temperature,30,2026-05-21 02:03:00,28.900000,28.900000,28.883333,28.590776
th-1_temperature,30,2026-05-21 02:36:00,28.900000,28.900000,28.890000,28.630038
th-1_temperature,30,2026-05-21 03:09:00,28.000000,28.900000,28.886667,28.582707
th-1_temperature,30,2026-05-21 03:42:00,27.500000,28.000000,28.340000,27.439927
th-1_temperature,30,2026-05-21 04:15:00,27.200000,27.500000,27.643333,27.244144
th-1_temperature,30,2026-05-21 04:48:00,27.100000,27.200000,27.253333,27.073581
th-1_temperature,30,2026-05-21 05:21:00,27.000000,27.100000,27.130000,26.927429
th-1_temperature,30,2026-05-21 05:54:00,27.000000,27.000000,27.006667,26.879922
th-1_temperature,30,2026-05-21 06:27:00,27.000000,27.000000,26.996667,26.942918
th-1_temperature,30,2026-05-21 07:00:00,27.000000,27.100000,26.996667,26.990217
th-1_temperature,30,2026-05-21 07:33:00,27.000000,27.000000,27.003333,26.966284
th-1_temperature,30,2026-05-21 08:06:00,27.000000,27.000000,27.000000,26.933440
th-1_temperature,30,2026-05-21 08:39:00,26.800000,27.000000,27.000000,27.017917
th-1_temperature,30,2026-05-21 09:12:00,28.000000,26.900000,26.970000,27.328202
th-1_temperature,30,2026-05-21 09:45:00,28.600000,28.100000,27.710000,28.640600
th-1_temperature,30,2026-05-21 10:18:00,28.700000,28.600000,28.423333,28.762469
th-1_temperature,30,2026-05-21 10:51:00,28.900000,28.800000,28.750000,28.801063
th-1_temperature,30,2026-05-21 11:24:00,29.000000,28.900000,28.850000,28.922086
th-1_temperature,30,2026-05-21 11:57:00,29.000000,28.900000,28.910000,28.988470
th-1_temperature,30,2026-05-21 12:30:00,29.000000,28.900000,28.993333,28.887667
th-1_temperature,30,2026-05-21 13:03:00,29.000000,29.000000,28.976667,29.056149
th-1_temperature,30,2026-05-21 13:36:00,29.000000,29.000000,28.993333,28.937511
th-1_temperature,30,2026-05-21 14:09:00,29.000000,29.000000,29.000000,29.042487
th-1_temperature,30,2026-05-21 14:42:00,29.000000,29.000000,29.000000,28.950666
th-1_temperature,30,2026-05-21 15:15:00,29.100000,29.000000,29.010000,28.926982
th-1_temperature,30,2026-05-21 15:48:00,29.200000,29.100000,29.033333,29.011007
th-1_temperature,30,2026-05-21 16:21:00,29.200000,29.200000,29.123333,29.166610
th-1_temperature,30,2026-05-21 16:54:00,29.200000,29.200000,29.193333,29.106026
th-1_temperature,30,2026-05-21 17:27:00,29.300000,29.200000,29.226667,29.204558
th-1_temperature,30,2026-05-21 18:00:00,29.200000,29.200000,29.210000,29.078056
th-1_temperature,30,2026-05-21 18:33:00,29.200000,29.200000,29.236667,29.099273
th-1_temperature,30,2026-05-21 19:06:00,29.200000,29.200000,29.203333,29.187752
th-1_temperature,30,2026-05-21 19:39:00,29.300000,29.200000,29.206667,29.070434
th-1_temperature,30,2026-05-21 20:12:00,29.200000,29.200000,29.210000,29.005824
th-1_temperature,30,2026-05-21 20:45:00,29.200000,29.200000,29.203333,29.106665
th-1_temperature,30,2026-05-21 21:18:00,29.200000,29.200000,29.206667,29.062741
th-1_temperature,30,2026-05-21 21:51:00,29.200000,29.200000,29.186667,28.980166
th-1_temperature,30,2026-05-21 22:24:00,29.200000,29.200000,29.196667,28.992981
th-1_temperature,30,2026-05-21 22:57:00,29.200000,29.100000,29.156667,28.927646
th-1_temperature,30,2026-05-21 23:30:00,29.200000,29.200000,29.166667,29.001797
th-1_temperature,30,2026-05-22 00:03:00,29.100000,29.200000,29.166667,28.942875
th-1_temperature,30,2026-05-22 00:36:00,29.200000,29.100000,29.130000,28.889369
th-1_temperature,30,2026-05-22 01:09:00,29.200000,29.100000,29.153333,28.861623
th-1_temperature,30,2026-05-22 01:42:00,29.100000,29.200000,29.150000,28.922729
th-1_temperature,30,2026-05-22 02:15:00,29.200000,29.100000,29.153333,28.858754
th-1_temperature,30,2026-05-22 02:48:00,28.900000,29.200000,29.160000,28.964972
th-1_temperature,30,2026-05-22 03:21:00,28.000000,28.800000,29.086667,28.179205
th-1_temperature,30,2026-05-22 03:54:00,27.500000,28.000000,28.246667,27.597689
th-1_temperature,30,2026-05-22 04:27:00,27.200000,27.500000,27.636667,27.208796
th-1_temperature,30,2026-05-22 05:00:00,27.300000,27.200000,27.333333,27.045874
th-1_temperature,30,2026-05-22 05:33:00,27.200000,27.200000,27.246667,27.048312
th-1_temperature,30,2026-05-22 06:06:00,27.200000,27.200000,27.256667,27.061580
th-1_temperature,30,2026-05-22 06:39:00,27.200000,27.100000,27.183333,27.030331
th-1_temperature,30,2026-05-22 07:12:00,27.100000,27.100000,27.136667,26.986254
th-1_temperature,30,2026-05-22 07:45:00,27.100000,27.100000,27.113333,27.027281
th-1_temperature,30,2026-05-22 08:18:00,27.100000,27.100000,27.110000,27.170096
th-1_temperature,30,2026-05-22 08:51:00,27.400000,27.100000,27.100000,27.104205
th-1_temperature,30,2026-05-22 09:24:00,28.300000,27.500000,27.143333,28.131674
th-1_temperature,30,2026-05-22 09:57:00,28.700000,28.400000,28.013333,28.705764
th-1_temperature,30,2026-05-22 10:30:00,28.500000,28.700000,28.630000,28.630767
th-1_temperature,30,2026-05-22 11:03:00,28.300000,28.500000,28.543333,28.265302
th-1_temperature,30,2026-05-22 11:36:00,28.200000,28.300000,28.366667,28.171370
th-1_temperature,30,2026-05-22 12:09:00,26.300000,28.200000,28.283333,28.211055
th-1_temperature,30,2026-05-22 12:42:00,26.500000,26.400000,26.413333,26.615707
th-1_temperature,30,2026-05-22 13:15:00,26.500000,26.400000,26.396667,26.324654
th-1_temperature,30,2026-05-22 13:48:00,26.500000,26.400000,26.410000,26.308116
th-1_temperature,30,2026-05-22 14:21:00,26.600000,26.500000,26.496667,26.375362
th-1_temperature,30,2026-05-22 14:54:00,26.500000,26.500000,26.526667,26.461934
th-1_temperature,30,2026-05-22 15:27:00,26.600000,26.600000,26.533333,26.623768
th-1_temperature,30,2026-05-22 16:00:00,26.500000,26.600000,26.580000,26.460804
th-1_temperature,30,2026-05-22 16:33:00,26.600000,26.600000,26.593333,26.528916
th-1_temperature,30,2026-05-22 17:06:00,26.500000,26.600000,26.616667,26.405644
th-1_temperature,30,2026-05-22 17:39:00,26.600000,26.500000,26.543333,26.370343
th-1_temperature,30,2026-05-22 18:12:00,27.500000,26.600000,26.520000,26.459010
th-1_temperature,30,2026-05-22 18:45:00,28.300000,28.000000,26.733333,28.220964
th-1_temperature,30,2026-05-22 19:18:00,28.400000,28.400000,28.363333,27.993761
th-1_temperature,30,2026-05-22 19:51:00,28.300000,28.300000,28.373333,28.221951
th-1_temperature,30,2026-05-22 20:24:00,28.200000,28.300000,28.346667,28.176479
th-1_temperature,30,2026-05-22 20:57:00,28.200000,28.200000,28.266667,28.097657
th-1_temperature,30,2026-05-22 21:30:00,28.200000,28.200000,28.233333,28.007835
th-1_temperature,30,2026-05-22 22:03:00,28.100000,28.100000,28.190000,27.951452
th-1_temperature,30,2026-05-22 22:36:00,28.100000,28.100000,28.133333,27.937036
th-1_temperature,30,2026-05-22 23:09:00,28.100000,28.100000,28.116667,27.933285
th-1_temperature,30,2026-05-22 23:42:00,28.100000,28.100000,28.110000,27.976269
th-1_temperature,30,2026-05-23 00:15:00,28.100000,28.100000,28.096667,27.842197
th-1_temperature,30,2026-05-23 00:48:00,28.100000,28.000000,28.090000,27.780545
th-1_temperature,30,2026-05-23 01:21:00,28.100000,28.000000,28.070000,27.807998
th-1_temperature,30,2026-05-23 01:54:00,27.900000,28.100000,28.066667,27.896510
th-1_temperature,30,2026-05-23 02:27:00,28.000000,28.000000,28.023333,27.694025
th-1_temperature,30,2026-05-23 03:00:00,27.700000,28.000000,28.000000,27.742813
th-1_temperature,30,2026-05-23 03:33:00,27.000000,27.700000,27.910000,27.209817
th-1_temperature,30,2026-05-23 04:06:00,26.900000,27.000000,27.223333,26.829908
th-1_temperature,30,2026-05-23 04:39:00,26.800000,26.900000,26.856667,26.769737
th-1_temperature,30,2026-05-23 05:12:00,26.800000,26.800000,26.790000,26.615774
th-1_temperature,30,2026-05-23 05:45:00,26.600000,26.700000,26.763333,26.675153
th-1_temperature,30,2026-05-23 06:18:00,26.700000,26.600000,26.713333,26.581479
th-1_temperature,30,2026-05-23 06:51:00,26.700000,26.600000,26.643333,26.634346
th-1_temperature,30,2026-05-23 07:24:00,26.700000,26.700000,26.696667,26.592519
th-1_temperature,30,2026-05-23 07:57:00,26.500000,26.600000,26.606667,26.630065
th-1_temperature,30,2026-05-23 08:30:00,26.500000,26.500000,26.566667,26.553301
th-1_temperature,30,2026-05-23 09:03:00,26.800000,26.500000,26.540000,26.582214
th-1_temperature,30,2026-05-23 09:36:00,27.400000,27.000000,26.640000,27.255042
th-1_temperature,30,2026-05-23 10:09:00,27.600000,27.400000,27.256667,27.494061
th-1_temperature,30,2026-05-23 10:42:00,27.700000,27.600000,27.526667,27.663816
th-1_temperature,30,2026-05-23 11:15:00,27.700000,27.600000,27.676667,27.719728
th-1_temperature,30,2026-05-23 11:48:00,27.700000,27.700000,27.703333,27.727643
th-1_temperature,30,2026-05-23 12:21:00,27.800000,27.700000,27.703333,27.787927
th-1_temperature,30,2026-05-23 12:54:00,27.800000,27.800000,27.776667,27.962725
th-1_temperature,30,2026-05-23 13:27:00,27.800000,27.800000,27.790000,27.867755
th-1_temperature,30,2026-05-23 14:00:00,27.800000,27.800000,27.803333,27.844511
th-1_temperature,30,2026-05-23 14:33:00,27.900000,27.700000,27.800000,27.845781
th-1_temperature,30,2026-05-23 15:06:00,27.800000,27.800000,27.866667,27.864838
th-1_temperature,30,2026-05-23 15:39:00,27.700000,27.900000,27.833333,27.841044
th-1_temperature,30,2026-05-23 16:12:00,27.800000,27.700000,27.743333,27.744932
th-1_temperature,30,2026-05-23 16:45:00,27.900000,27.700000,27.723333,27.779087
th-1_temperature,30,2026-05-23 17:18:00,27.900000,27.900000,27.853333,27.856879
th-1_temperature,30,2026-05-23 17:51:00,27.900000,27.900000,27.900000,27.957737
th-1_temperature,30,2026-05-23 18:24:00,28.000000,27.900000,27.910000,27.964781
th-1_temperature,30,2026-05-23 18:57:00,27.900000,28.000000,27.976667,27.914442
th-1_temperature,30,2026-05-23 19:30:00,28.100000,28.000000,27.993333,27.855152
th-1_temperature,30,2026-05-23 20:03:00,28.000000,28.100000,28.053333,27.939931
th-1_temperature,30,2026-05-23 20:36:00,28.000000,28.100000,28.036667,27.891073
th-1_temperature,30,2026-05-23 21:09:00,28.000000,28.000000,27.993333,27.861763
th-1_temperature,30,2026-05-23 21:42:00,28.000000,28.000000,27.986667,27.810333
th-1_temperature,30,2026-05-23 22:15:00,27.900000,27.900000,27.980000,27.788406
th-1_temperature,30,2026-05-23 22:48:00,27.900000,27.900000,27.923333,27.780351
th-1_temperature,30,2026-05-23 23:21:00,27.900000,27.900000,27.900000,27.700624
th-1_temperature,30,2026-05-23 23:54:00,27.900000,27.900000,27.903333,27.656298
th-1_temperature,30,2026-05-24 00:27:00,27.900000,27.800000,27.893333,27.672021
th-1_temperature,30,2026-05-24 01:00:00,27.800000,27.800000,27.870000,27.654709
th-1_temperature,30,2026-05-24 01:33:00,27.900000,27.900000,27.890000,27.736861
th-1_temperature,30,2026-05-24 02:06:00,27.900000,27.900000,27.860000,27.741623
th-1_temperature,30,2026-05-24 02:39:00,27.900000,27.800000,27.853333,27.643948
th-1_temperature,30,2026-05-24 03:12:00,27.300000,27.900000,27.823333,27.528637
th-1_temperature,30,2026-05-24 03:45:00,26.700000,27.200000,27.560000,26.984111
th-1_temperature,30,2026-05-24 04:18:00,26.700000,26.700000,26.860000,26.685856
th-1_temperature,30,2026-05-24 04:51:00,26.700000,26.800000,26.713333,26.607210
th-1_temperature,30,2026-05-24 05:24:00,26.700000,26.700000,26.716667,26.530478
th-1_temperature,30,2026-05-24 05:57:00,26.700000,26.700000,26.693333,26.652462
th-1_temperature,30,2026-05-24 06:30:00,26.700000,26.700000,26.686667,26.626807
th-1_temperature,30,2026-05-24 07:03:00,26.700000,26.700000,26.700000,26.633508
th-1_temperature,30,2026-05-24 07:36:00,26.700000,26.700000,26.700000,26.634788
th-1_temperature,30,2026-05-24 08:09:00,26.600000,26.600000,26.626667,26.624575
th-1_temperature,30,2026-05-24 08:42:00,26.400000,26.600000,26.610000,26.586633
th-1_temperature,30,2026-05-24 09:15:00,27.100000,26.500000,26.546667,26.718156
th-1_temperature,30,2026-05-24 09:48:00,27.500000,27.000000,26.843333,27.247783
th-1_temperature,30,2026-05-24 10:21:00,27.500000,27.500000,27.353333,27.584407
th-1_temperature,30,2026-05-24 10:54:00,27.700000,27.600000,27.523333,27.668731
th-1_temperature,30,2026-05-24 11:27:00,27.700000,27.700000,27.620000,27.761742
th-1_temperature,30,2026-05-24 12:00:00,27.700000,27.700000,27.696667,27.771012
th-1_temperature,30,2026-05-24 12:33:00,27.800000,27.700000,27.700000,27.742546
th-1_temperature,30,2026-05-24 13:06:00,27.700000,27.700000,27.706667,27.796672
th-1_temperature,30,2026-05-24 13:39:00,27.700000,27.700000,27.733333,27.696618
th-1_temperature,30,2026-05-24 14:12:00,27.700000,27.800000,27.750000,27.809357
th-1_temperature,30,2026-05-24 14:45:00,27.800000,27.800000,27.733333,27.867869
th-1_temperature,30,2026-05-24 15:18:00,27.800000,27.700000,27.793333,27.827309
th-1_temperature,30,2026-05-24 15:51:00,27.800000,27.700000,27.750000,27.879835
th-1_temperature,30,2026-05-24 16:24:00,27.700000,27.700000,27.730000,27.803556
th-1_temperature,30,2026-05-24 16:57:00,27.700000,27.700000,27.750000,27.693658
th-1_temperature,30,2026-05-24 17:30:00,27.700000,27.800000,27.720000,27.748006
th-1_temperature,30,2026-05-24 18:03:00,27.700000,27.700000,27.706667,27.696848
th-1_temperature,30,2026-05-24 18:36:00,27.800000,27.700000,27.713333,27.690394
th-1_temperature,30,2026-05-24 19:09:00,27.700000,27.700000,27.743333,27.664695
th-1_temperature,30,2026-05-24 19:42:00,27.700000,27.700000,27.700000,27.688724
th-1_temperature,30,2026-05-24 20:15:00,27.600000,27.700000,27.690000,27.613271
th-1_temperature,30,2026-05-24 20:48:00,27.600000,27.600000,27.660000,27.527832
th-1_temperature,30,2026-05-24 21:21:00,27.700000,27.600000,27.646667,27.502723
th-1_temperature,30,2026-05-24 21:54:00,27.600000,27.600000,27.656667,27.533796
th-1_temperature,30,2026-05-24 22:27:00,27.700000,27.700000,27.656667,27.514867
th-1_temperature,30,2026-05-24 23:00:00,27.600000,27.600000,27.636667,27.427980
th-1_temperature,30,2026-05-24 23:33:00,27.600000,27.600000,27.616667,27.404447
th-1_temperature,30,2026-05-25 00:06:00,27.500000,27.600000,27.583333,27.468271
th-1_temperature,30,2026-05-25 00:39:00,27.500000,27.600000,27.590000,27.416229
th-1_temperature,30,2026-05-25 01:12:00,27.500000,27.500000,27.573333,27.402146
th-1_temperature,30,2026-05-25 01:45:00,27.500000,27.600000,27.533333,27.465519
th-1_temperature,30,2026-05-25 02:18:00,27.500000,27.500000,27.510000,27.323093
th-1_temperature,30,2026-05-25 02:51:00,27.500000,27.500000,27.506667,27.332299
th-1_temperature,30,2026-05-25 03:24:00,26.700000,27.400000,27.493333,27.032915
th-1_temperature,30,2026-05-25 03:57:00,26.400000,26.600000,26.953333,26.501251
th-1_temperature,30,2026-05-25 04:30:00,26.400000,26.300000,26.403333,26.323650
th-1_temperature,30,2026-05-25 05:03:00,26.400000,26.400000,26.310000,26.210718
th-1_temperature,30,2026-05-25 05:36:00,26.300000,26.400000,26.323333,26.205127
th-1_temperature,30,2026-05-25 06:09:00,26.400000,26.400000,26.333333,26.336327
th-1_temperature,30,2026-05-25 06:42:00,26.400000,26.400000,26.400000,26.327360
th-1_temperature,30,2026-05-25 07:15:00,26.400000,26.400000,26.400000,26.292408
th-1_temperature,30,2026-05-25 07:48:00,26.400000,26.400000,26.400000,26.405477
th-1_temperature,30,2026-05-25 08:21:00,26.300000,26.400000,26.400000,26.390585
th-1_temperature,30,2026-05-25 08:54:00,26.100000,26.300000,26.353333,26.347360
th-1_temperature,30,2026-05-25 09:27:00,26.800000,26.200000,26.166667,26.642202
th-1_temperature,30,2026-05-25 10:00:00,27.200000,26.900000,26.630000,27.071700
th-1_temperature,30,2026-05-25 10:33:00,27.300000,27.200000,27.116667,27.219401
th-1_temperature,30,2026-05-25 11:06:00,25.600000,27.300000,27.286667,27.481119
th-1_temperature,30,2026-05-25 11:39:00,25.400000,25.500000,26.880000,25.452334
th-1_temperature,30,2026-05-25 12:12:00,25.400000,25.400000,25.410000,25.779234
th-1_temperature,30,2026-05-25 12:45:00,25.600000,25.400000,25.393333,25.376648
th-1_temperature,30,2026-05-25 13:18:00,25.500000,25.500000,25.483333,25.530132
th-1_temperature,30,2026-05-25 13:51:00,25.500000,25.500000,25.516667,25.538855
th-1_temperature,30,2026-05-25 14:24:00,25.600000,25.500000,25.483333,25.496067
th-1_temperature,30,2026-05-25 14:57:00,25.600000,25.600000,25.590000,25.658086
th-1_temperature,30,2026-05-25 15:30:00,25.600000,25.700000,25.623333,25.709629
th-1_temperature,30,2026-05-25 16:03:00,25.800000,25.700000,25.686667,25.762665
th-1_temperature,30,2026-05-25 16:36:00,25.800000,25.900000,25.750000,25.858777
th-1_temperature,30,2026-05-25 17:09:00,25.900000,25.800000,25.806667,25.777098
th-1_temperature,30,2026-05-25 17:42:00,25.700000,25.900000,25.866667,25.722045
th-1_temperature,30,2026-05-25 18:15:00,25.700000,25.600000,25.790000,25.461521
th-1_temperature,30,2026-05-25 18:48:00,25.600000,25.700000,25.706667,25.608386
th-1_temperature,30,2026-05-25 19:21:00,25.600000,25.600000,25.610000,25.403911
th-1_temperature,30,2026-05-25 19:54:00,25.600000,25.600000,25.590000,25.432375
th-1_temperature,30,2026-05-25 20:27:00,25.500000,25.600000,25.610000,25.417005
th-1_temperature,30,2026-05-25 21:00:00,25.400000,25.500000,25.523333,25.312018
th-1_temperature,30,2026-05-25 21:33:00,25.400000,25.500000,25.450000,25.250406
th-1_temperature,30,2026-05-25 22:06:00,25.300000,25.400000,25.410000,25.128675
th-1_temperature,30,2026-05-25 22:39:00,25.200000,25.400000,25.370000,25.161811
th-1_temperature,30,2026-05-25 23:12:00,25.300000,25.200000,25.293333,24.947366
th-1_temperature,30,2026-05-25 23:45:00,25.200000,25.200000,25.313333,25.086655
th-1_temperature,30,2026-05-26 00:18:00,25.200000,25.200000,25.290000,25.102455
th-1_temperature,30,2026-05-26 00:51:00,25.300000,25.200000,25.273333,25.019730
th-1_temperature,30,2026-05-26 01:24:00,25.200000,25.300000,25.260000,25.084323
th-1_temperature,30,2026-05-26 01:57:00,25.200000,25.300000,25.233333,25.141370
th-1_temperature,30,2026-05-26 02:30:00,25.200000,25.200000,25.216667,25.007054
th-1_temperature,30,2026-05-26 03:03:00,24.900000,25.200000,25.216667,25.008418
th-1_temperature,30,2026-05-26 03:36:00,24.500000,24.700000,25.003333,24.397522
th-1_temperature,30,2026-05-26 04:09:00,24.200000,24.600000,24.620000,24.234071
th-1_temperature,30,2026-05-26 04:42:00,24.200000,24.300000,24.366667,24.079850
th-1_temperature,30,2026-05-26 05:15:00,24.000000,24.300000,24.253333,23.960916
th-1_temperature,30,2026-05-26 05:48:00,24.100000,24.000000,24.060000,23.780273
th-1_temperature,30,2026-05-26 06:21:00,24.000000,24.000000,24.046667,23.960440
th-1_temperature,30,2026-05-26 06:54:00,23.900000,24.000000,24.080000,23.838239
th-1_temperature,30,2026-05-26 07:27:00,23.900000,23.900000,23.946667,23.887200
th-1_temperature,30,2026-05-26 08:00:00,23.800000,23.800000,23.913333,23.633009
th-1_temperature,30,2026-05-26 08:33:00,23.900000,23.800000,23.850000,23.739352
th-1_temperature,30,2026-05-26 09:06:00,24.100000,23.800000,23.820000,23.753738
th-1_temperature,30,2026-05-26 09:39:00,24.400000,24.100000,23.976667,24.372981
th-1_temperature,30,2026-05-26 10:12:00,24.400000,24.400000,24.320000,24.456455
th-1_temperature,30,2026-05-26 10:45:00,24.500000,24.500000,24.440000,24.574883
th-1_temperature,30,2026-05-26 11:18:00,24.500000,24.500000,24.523333,24.578961
th-1_temperature,30,2026-05-26 11:51:00,24.600000,24.500000,24.496667,24.598956
th-1_temperature,30,2026-05-26 12:24:00,24.600000,24.500000,24.546667,24.543021
th-1_temperature,30,2026-05-26 12:57:00,24.600000,24.500000,24.573333,24.626055
th-1_temperature,30,2026-05-26 13:30:00,24.600000,24.600000,24.543333,24.639186
th-1_temperature,30,2026-05-26 14:03:00,24.600000,24.600000,24.580000,24.777001
th-1_temperature,30,2026-05-26 14:36:00,24.800000,24.600000,24.630000,24.659589
th-1_temperature,30,2026-05-26 15:09:00,24.800000,24.800000,24.760000,24.805371
th-1_temperature,30,2026-05-26 15:42:00,24.900000,24.800000,24.803333,24.894389
th-1_temperature,30,2026-05-26 16:15:00,24.800000,24.900000,24.830000,24.893195
th-1_temperature,30,2026-05-26 16:48:00,24.900000,24.900000,24.830000,24.848937
th-1_temperature,30,2026-05-26 17:21:00,24.900000,24.900000,24.870000,24.814771
th-1_temperature,30,2026-05-26 17:54:00,24.900000,24.900000,24.880000,24.914340
th-1_temperature,30,2026-05-26 18:27:00,24.900000,24.900000,24.903333,24.776209
th-1_temperature,30,2026-05-26 19:00:00,25.000000,25.000000,24.936667,24.893280
th-1_temperature,30,2026-05-26 19:33:00,24.900000,24.900000,24.983333,24.768957
th-1_temperature,30,2026-05-26 20:06:00,24.900000,24.900000,24.980000,24.910927
th-1_temperature,30,2026-05-26 20:39:00,25.000000,24.900000,24.960000,24.777114
th-1_temperature,30,2026-05-26 21:12:00,24.800000,24.900000,24.943333,24.737810
th-1_temperature,30,2026-05-26 21:45:00,24.800000,24.800000,24.856667,24.574452
th-1_humidity,10,2026-05-15 09:16:00,26.000000,26.000000,26.566667,26.004467
th-1_humidity,10,2026-05-15 09:49:00,23.000000,23.000000,24.933333,23.217716
th-1_humidity,10,2026-05-15 10:22:00,23.000000,23.000000,23.000000,22.788385
th-1_humidity,10,2026-05-15 10:55:00,23.000000,23.000000,23.000000,23.002121
th-1_humidity,10,2026-05-15 11:28:00,23.000000,23.000000,23.000000,23.083322
th-1_humidity,10,2026-05-15 12:01:00,23.000000,23.000000,23.000000,23.087694
th-1_humidity,10,2026-05-15 12:34:00,23.000000,23.000000,23.000000,23.104313
th-1_humidity,10,2026-05-15 13:07:00,23.000000,23.000000,23.000000,23.033491
th-1_humidity,10,2026-05-15 13:40:00,23.000000,24.000000,23.400000,23.927786
th-1_humidity,10,2026-05-15 14:13:00,24.000000,24.000000,23.733333,23.933330
th-1_humidity,10,2026-05-15 14:46:00,24.000000,24.000000,24.000000,24.112612
th-1_humidity,10,2026-05-15 15:19:00,24.000000,24.000000,24.000000,24.074304
th-1_humidity,10,2026-05-15 15:52:00,24.000000,24.000000,24.000000,24.106752
th-1_humidity,10,2026-05-15 16:25:00,24.000000,24.000000,24.000000,24.147523
th-1_humidity,10,2026-05-15 16:58:00,24.000000,24.000000,24.000000,24.135505
th-1_humidity,10,2026-05-15 17:31:00,24.000000,24.000000,24.100000,24.171841
th-1_humidity,10,2026-05-15 18:04:00,25.000000,24.000000,24.566667,24.400983
th-1_humidity,10,2026-05-15 18:37:00,25.000000,25.000000,24.966667,25.060544
th-1_humidity,10,2026-05-15 19:10:00,25.000000,25.000000,25.000000,25.059323
th-1_humidity,10,2026-05-15 19:43:00,25.000000,25.000000,25.000000,25.066684
th-1_humidity,10,2026-05-15 20:16:00,25.000000,25.000000,25.000000,25.062550
th-1_humidity,10,2026-05-15 20:49:00,25.000000,25.000000,24.966667,25.052006
th-1_humidity,10,2026-05-15 21:22:00,25.000000,25.000000,25.000000,25.022099
th-1_humidity,10,2026-05-15 21:55:00,25.000000,25.000000,24.933333,25.053033
th-1_humidity,10,2026-05-15 22:28:00,25.000000,24.000000,24.933333,24.463689
th-1_humidity,10,2026-05-15 23:01:00,25.000000,25.000000,24.766667,24.842074
th-1_humidity,10,2026-05-15 23:34:00,25.000000,25.000000,24.800000,24.967270
th-1_humidity,10,2026-05-16 00:07:00,25.000000,25.000000,24.933333,25.134575
th-1_humidity,10,2026-05-16 00:40:00,25.000000,25.000000,25.000000,25.104432
th-1_humidity,10,2026-05-16 01:13:00,25.000000,25.000000,25.000000,25.134183
th-1_humidity,10,2026-05-16 01:46:00,25.000000,25.000000,25.000000,25.082226
th-1_humidity,10,2026-05-16 02:19:00,25.000000,25.000000,25.000000,25.068087
th-1_humidity,10,2026-05-16 02:52:00,25.000000,25.000000,25.000000,25.070972
th-1_humidity,10,2026-05-16 03:25:00,27.000000,27.000000,25.200000,26.817132
th-1_humidity,10,2026-05-16 03:58:00,28.000000,28.000000,27.533333,28.394858
th-1_humidity,10,2026-05-16 04:31:00,29.000000,29.000000,28.266667,29.072898
th-1_humidity,10,2026-05-16 05:04:00,29.000000,29.000000,29.000000,29.205984
th-1_humidity,10,2026-05-16 05:37:00,29.000000,29.000000,29.000000,29.134425
th-1_humidity,10,2026-05-16 06:10:00,29.000000,29.000000,29.000000,29.146702
th-1_humidity,10,2026-05-16 06:43:00,29.000000,29.000000,29.000000,29.169225
th-1_humidity,10,2026-05-16 07:16:00,29.000000,29.000000,29.000000,29.153927
th-1_humidity,10,2026-05-16 07:49:00,30.000000,30.000000,29.333333,29.977494
th-1_humidity,10,2026-05-16 08:22:00,30.000000,30.000000,30.000000,30.159869
th-1_humidity,10,2026-05-16 08:55:00,30.000000,30.000000,30.000000,30.138405
th-1_humidity,10,2026-05-16 09:28:00,29.000000,29.000000,29.600000,28.618055
th-1_humidity,10,2026-05-16 10:01:00,27.000000,27.000000,27.900000,26.784174
th-1_humidity,10,2026-05-16 10:34:00,27.000000,27.000000,27.000000,26.855688
th-1_humidity,10,2026-05-16 11:07:00,26.000000,27.000000,27.000000,26.984336
th-1_humidity,10,2026-05-16 11:40:00,26.000000,26.000000,26.100000,26.129105
th-1_humidity,10,2026-05-16 12:13:00,26.000000,26.000000,26.033333,26.057548
th-1_humidity,10,2026-05-16 12:46:00,26.000000,26.000000,26.000000,26.106290
th-1_humidity,10,2026-05-16 13:19:00,26.000000,26.000000,26.000000,26.049622
th-1_humidity,10,2026-05-16 13:52:00,26.000000,26.000000,26.033333,26.068814
th-1_humidity,10,2026-05-16 14:25:00,26.000000,26.000000,26.066667,26.063439
th-1_humidity,10,2026-05-16 14:58:00,26.000000,26.000000,26.000000,26.036186
th-1_humidity,10,2026-05-16 15:31:00,26.000000,26.000000,26.000000,26.042455
th-1_humidity,10,2026-05-16 16:04:00,26.000000,26.000000,26.000000,25.997258
th-1_humidity,10,2026-05-16 16:37:00,26.000000,26.000000,26.000000,26.063619
th-1_humidity,10,2026-05-16 17:10:00,26.000000,26.000000,26.000000,26.040626
th-1_humidity,10,2026-05-16 17:43:00,26.000000,26.000000,26.000000,25.971257
th-1_humidity,10,2026-05-16 18:16:00,26.000000,26.000000,26.000000,26.063597
th-1_humidity,10,2026-05-16 18:49:00,26.000000,26.000000,26.000000,26.057450
th-1_humidity,10,2026-05-16 19:22:00,26.000000,26.000000,26.000000,25.995817
th-1_humidity,10,2026-05-16 19:55:00,26.000000,26.000000,26.000000,26.058074
th-1_humidity,10,2026-05-16 20:28:00,26.000000,26.000000,26.000000,26.035483
th-1_humidity,10,2026-05-16 21:01:00,26.000000,26.000000,26.000000,26.047027
th-1_humidity,10,2026-05-16 21:34:00,26.000000,26.000000,26.066667,26.157854
th-1_humidity,10,2026-05-16 22:07:00,27.000000,27.000000,26.666667,26.968306
th-1_humidity,10,2026-05-16 22:40:00,27.000000,27.000000,27.000000,27.042129
th-1_humidity,10,2026-05-16 23:13:00,27.000000,27.000000,27.000000,26.952872
th-1_humidity,10,2026-05-16 23:46:00,26.000000,27.000000,26.866667,26.935089
th-1_humidity,10,2026-05-17 00:19:00,27.000000,27.000000,26.933333,26.997713
th-1_humidity,10,2026-05-17 00:52:00,27.000000,27.000000,26.800000,27.010413
th-1_humidity,10,2026-05-17 01:25:00,27.000000,26.000000,26.466667,26.180365
th-1_humidity,10,2026-05-17 01:58:00,27.000000,26.000000,26.300000,26.247154
th-1_humidity,10,2026-05-17 02:31:00,27.000000,27.000000,26.333333,26.735892
th-1_humidity,10,2026-05-17 03:04:00,27.000000,27.000000,26.466667,26.868193
th-1_humidity,10,2026-05-17 03:37:00,29.000000,29.000000,27.766667,29.124885
th-1_humidity,10,2026-05-17 04:10:00,30.000000,29.000000,29.000000,29.393155
th-1_humidity,10,2026-05-17 04:43:00,30.000000,30.000000,30.000000,30.255264
th-1_humidity,10,2026-05-17 05:16:00,30.000000,30.000000,30.000000,30.216698
th-1_humidity,10,2026-05-17 05:49:00,30.000000,30.000000,30.000000,30.186063
th-1_humidity,10,2026-05-17 06:22:00,30.000000,30.000000,30.000000,30.154377
th-1_humidity,10,2026-05-17 06:55:00,31.000000,31.000000,30.400000,31.056115
th-1_humidity,10,2026-05-17 07:28:00,31.000000,31.000000,31.000000,31.130701
th-1_humidity,10,2026-05-17 08:01:00,31.000000,31.000000,31.000000,31.104825
th-1_humidity,10,2026-05-17 08:34:00,31.000000,31.000000,31.000000,31.100492
th-1_humidity,10,2026-05-17 09:07:00,31.000000,31.000000,31.000000,30.971243
th-1_humidity,10,2026-05-17 09:40:00,29.000000,29.000000,30.333333,28.998010
th-1_humidity,10,2026-05-17 10:13:00,28.000000,28.000000,28.500000,27.826408
th-1_humidity,10,2026-05-17 10:46:00,28.000000,28.000000,28.000000,27.981709
th-1_humidity,10,2026-05-17 11:19:00,28.000000,28.000000,28.000000,28.006823
th-1_humidity,10,2026-05-17 11:52:00,28.000000,28.000000,28.000000,28.058598
th-1_humidity,10,2026-05-17 12:25:00,28.000000,28.000000,28.000000,28.038896
th-1_humidity,10,2026-05-17 12:58:00,28.000000,28.000000,28.000000,28.026512
th-1_humidity,10,2026-05-17 13:31:00,28.000000,28.000000,28.000000,28.127474
th-1_humidity,10,2026-05-17 14:04:00,29.000000,28.000000,28.000000,28.200694
th-1_humidity,10,2026-05-17 14:37:00,29.000000,29.000000,28.833333,29.046694
th-1_humidity,10,2026-05-17 15:10:00,29.000000,29.000000,29.000000,29.115593
th-1_humidity,10,2026-05-17 15:43:00,29.000000,29.000000,29.000000,29.045436
th-1_humidity,10,2026-05-17 16:16:00,29.000000,29.000000,29.000000,29.111335
th-1_humidity,10,2026-05-17 16:49:00,29.000000,29.000000,29.000000,29.073755
th-1_humidity,10,2026-05-17 17:22:00,29.000000,29.000000,29.000000,28.967232
th-1_humidity,10,2026-05-17 17:55:00,29.000000,29.000000,29.000000,28.942558
th-1_humidity,10,2026-05-17 18:28:00,29.000000,29.000000,29.000000,29.014428
th-1_humidity,10,2026-05-17 19:01:00,29.000000,29.000000,29.000000,28.977582
th-1_humidity,10,2026-05-17 19:34:00,29.000000,29.000000,29.000000,29.096112
th-1_humidity,10,2026-05-17 20:07:00,29.000000,29.000000,29.000000,29.080291
th-1_humidity,10,2026-05-17 20:40:00,29.000000,29.000000,29.000000,29.049654
th-1_humidity,10,2026-05-17 21:13:00,29.000000,29.000000,29.000000,29.111660
th-1_humidity,10,2026-05-17 21:46:00,29.000000,29.000000,29.000000,29.108656
th-1_humidity,10,2026-05-17 22:19:00,29.000000,29.000000,29.000000,29.102031
th-1_humidity,10,2026-05-17 22:52:00,29.000000,29.000000,29.000000,29.077874
th-1_humidity,10,2026-05-17 23:25:00,29.000000,29.000000,29.000000,29.049291
th-1_humidity,10,2026-05-17 23:58:00,29.000000,29.000000,29.000000,29.050854
th-1_humidity,10,2026-05-18 00:31:00,29.000000,29.000000,29.000000,29.076466
th-1_humidity,10,2026-05-18 01:04:00,29.000000,29.000000,29.000000,28.997749
th-1_humidity,10,2026-05-18 01:37:00,29.000000,29.000000,29.000000,29.094376
th-1_humidity,10,2026-05-18 02:10:00,29.000000,29.000000,29.000000,28.997199
th-1_humidity,10,2026-05-18 02:43:00,28.000000,29.000000,29.000000,29.020274
th-1_humidity,10,2026-05-18 03:16:00,30.000000,29.000000,28.600000,29.412987
th-1_humidity,10,2026-05-18 03:49:00,31.000000,31.000000,30.633333,31.399846
th-1_humidity,10,2026-05-18 04:22:00,32.000000,32.000000,31.566667,32.237131
th-1_humidity,10,2026-05-18 04:55:00,32.000000,32.000000,32.000000,32.172501
th-1_humidity,10,2026-05-18 05:28:00,32.000000,32.000000,32.000000,32.119923
th-1_humidity,10,2026-05-18 06:01:00,32.000000,32.000000,32.000000,32.146959
th-1_humidity,10,2026-05-18 06:34:00,32.000000,32.000000,32.000000,32.094189
th-1_humidity,10,2026-05-18 07:07:00,32.000000,32.000000,32.000000,32.093577
th-1_humidity,10,2026-05-18 07:40:00,32.000000,32.000000,32.000000,32.068785
th-1_humidity,10,2026-05-18 08:13:00,32.000000,32.000000,32.000000,32.114690
th-1_humidity,10,2026-05-18 08:46:00,32.000000,32.000000,32.000000,32.060168
th-1_humidity,10,2026-05-18 09:19:00,31.000000,31.000000,31.966667,31.062114
th-1_humidity,10,2026-05-18 09:52:00,29.000000,29.000000,30.500000,29.136512
th-1_humidity,10,2026-05-18 10:25:00,29.000000,29.000000,29.100000,28.771264
th-1_humidity,10,2026-05-18 10:58:00,29.000000,29.000000,29.000000,29.067382
th-1_humidity,10,2026-05-18 11:31:00,29.000000,29.000000,29.000000,29.143025
th-1_humidity,10,2026-05-18 12:04:00,29.000000,29.000000,29.166667,29.167463
th-1_humidity,10,2026-05-18 12:37:00,30.000000,30.000000,29.166667,30.095815
th-1_humidity,10,2026-05-18 13:10:00,29.000000,29.000000,29.433333,28.949357
th-1_humidity,10,2026-05-18 13:43:00,28.000000,29.000000,29.000000,29.072722
th-1_humidity,10,2026-05-18 14:16:00,28.000000,28.000000,28.533333,28.202314
th-1_humidity,10,2026-05-18 14:49:00,31.000000,29.000000,28.600000,29.280412
th-1_humidity,10,2026-05-18 15:22:00,31.000000,31.000000,31.666667,31.198880
th-1_humidity,10,2026-05-18 15:55:00,31.000000,31.000000,31.000000,30.971455
th-1_humidity,10,2026-05-18 16:28:00,30.000000,30.000000,30.400000,30.050507
th-1_humidity,10,2026-05-18 17:01:00,30.000000,30.000000,30.000000,30.038199
th-1_humidity,10,2026-05-18 17:34:00,30.000000,30.000000,30.000000,30.116944
th-1_humidity,10,2026-05-18 18:07:00,30.000000,30.000000,30.000000,30.093321
th-1_humidity,10,2026-05-18 18:40:00,30.000000,29.000000,29.933333,29.390185
th-1_humidity,10,2026-05-18 19:13:00,28.000000,28.000000,28.866667,28.112222
th-1_humidity,10,2026-05-18 19:46:00,28.000000,28.000000,27.366667,28.295044
th-1_humidity,10,2026-05-18 20:19:00,26.000000,26.000000,27.333333,26.163842
th-1_humidity,10,2026-05-18 20:52:00,25.000000,25.000000,25.400000,25.120292
th-1_humidity,10,2026-05-18 21:25:00,25.000000,26.000000,25.366667,26.147695
th-1_humidity,10,2026-05-18 21:58:00,25.000000,25.000000,25.566667,25.369021
th-1_humidity,10,2026-05-18 22:31:00,26.000000,26.000000,25.466667,26.151863
th-1_humidity,10,2026-05-18 23:04:00,25.000000,25.000000,25.366667,25.130408
th-1_humidity,10,2026-05-18 23:37:00,25.000000,25.000000,25.000000,25.089264
th-1_humidity,10,2026-05-19 00:10:00,25.000000,25.000000,24.933333,24.969074
th-1_humidity,10,2026-05-19 00:43:00,24.000000,24.000000,24.700000,24.243356
th-1_humidity,10,2026-05-19 01:16:00,24.000000,24.000000,24.000000,24.056997
th-1_humidity,10,2026-05-19 01:49:00,24.000000,24.000000,24.000000,24.045130
th-1_humidity,10,2026-05-19 02:22:00,23.000000,23.000000,23.200000,23.103836
th-1_humidity,10,2026-05-19 02:55:00,23.000000,23.000000,23.000000,23.054724
th-1_humidity,10,2026-05-19 03:28:00,26.000000,25.000000,23.866667,25.290501
th-1_humidity,10,2026-05-19 04:01:00,27.000000,27.000000,25.866667,27.143637
th-1_humidity,10,2026-05-19 04:34:00,28.000000,27.000000,27.000000,27.374311
th-1_humidity,10,2026-05-19 05:07:00,28.000000,28.000000,27.800000,28.283047
th-1_humidity,10,2026-05-19 05:40:00,29.000000,28.000000,28.000000,28.320463
th-1_humidity,10,2026-05-19 06:13:00,29.000000,29.000000,29.000000,29.361763
th-1_humidity,10,2026-05-19 06:46:00,30.000000,30.000000,29.566667,30.171814
th-1_humidity,10,2026-05-19 07:19:00,31.000000,31.000000,30.633333,31.303431
th-1_humidity,10,2026-05-19 07:52:00,32.000000,32.000000,31.666667,32.341823
th-1_humidity,10,2026-05-19 08:25:00,33.000000,33.000000,32.666667,33.455379
th-1_humidity,10,2026-05-19 08:58:00,34.000000,34.000000,33.633333,34.298048
th-1_humidity,10,2026-05-19 09:31:00,34.000000,34.000000,34.400000,33.990754
th-1_humidity,10,2026-05-19 10:04:00,33.000000,34.000000,34.300000,33.335897
th-1_humidity,10,2026-05-19 10:37:00,32.000000,32.000000,32.733333,31.883276
th-1_humidity,10,2026-05-19 11:10:00,32.000000,32.000000,32.000000,32.058932
th-1_humidity,10,2026-05-19 11:43:00,32.000000,32.000000,32.000000,32.066744
th-1_humidity,10,2026-05-19 12:16:00,32.000000,32.000000,32.000000,32.037641
th-1_humidity,10,2026-05-19 12:49:00,32.000000,32.000000,32.000000,32.076473
th-1_humidity,10,2026-05-19 13:22:00,31.000000,32.000000,32.000000,31.785034
th-1_humidity,10,2026-05-19 13:55:00,30.000000,30.000000,30.866667,29.879212
th-1_humidity,10,2026-05-19 14:28:00,28.000000,28.000000,29.600000,27.927191
th-1_humidity,10,2026-05-19 15:01:00,27.000000,27.000000,27.400000,26.865147
th-1_humidity,10,2026-05-19 15:34:00,27.000000,27.000000,27.000000,26.826479
th-1_humidity,10,2026-05-19 16:07:00,27.000000,27.000000,27.000000,26.918669
th-1_humidity,10,2026-05-19 16:40:00,27.000000,27.000000,27.000000,26.829590
th-1_humidity,10,2026-05-19 17:13:00,26.000000,26.000000,26.300000,25.930355
th-1_humidity,10,2026-05-19 17:46:00,27.000000,27.000000,26.600000,26.755211
th-1_humidity,10,2026-05-19 18:19:00,27.000000,27.000000,26.966667,26.967081
th-1_humidity,10,2026-05-19 18:52:00,27.000000,26.000000,26.366667,26.096969
th-1_humidity,10,2026-05-19 19:25:00,26.000000,26.000000,26.266667,25.952574
th-1_humidity,10,2026-05-19 19:58:00,26.000000,26.000000,25.833333,26.074189
th-1_humidity,10,2026-05-19 20:31:00,27.000000,26.000000,26.000000,26.200876
th-1_humidity,10,2026-05-19 21:04:00,27.000000,27.000000,26.966667,27.157489
th-1_humidity,10,2026-05-19 21:37:00,28.000000,27.000000,27.000000,27.128458
th-1_humidity,10,2026-05-19 22:10:00,28.000000,28.000000,27.800000,28.039056
th-1_humidity,10,2026-05-19 22:43:00,30.000000,30.000000,28.700000,30.354180
th-1_humidity,10,2026-05-19 23:16:00,30.000000,30.000000,30.000000,30.177557
th-1_humidity,10,2026-05-19 23:49:00,31.000000,31.000000,30.733333,31.145927
th-1_humidity,10,2026-05-20 00:22:00,31.000000,31.000000,31.000000,31.125377
th-1_humidity,10,2026-05-20 00:55:00,31.000000,31.000000,31.000000,31.120026
th-1_humidity,10,2026-05-20 01:28:00,31.000000,31.000000,31.000000,30.925830
th-1_humidity,10,2026-05-20 02:01:00,31.000000,31.000000,31.000000,31.121563
th-1_humidity,10,2026-05-20 02:34:00,31.000000,31.000000,31.000000,31.163217
th-1_humidity,10,2026-05-20 03:07:00,30.000000,30.000000,30.900000,30.161522
th-1_humidity,10,2026-05-20 03:40:00,31.000000,31.000000,30.600000,31.240086
th-1_humidity,10,2026-05-20 04:13:00,31.000000,31.000000,31.000000,31.331608
th-1_humidity,10,2026-05-20 04:46:00,31.000000,31.000000,31.000000,31.129372
th-1_humidity,10,2026-05-20 05:19:00,32.000000,32.000000,31.400000,32.225528
th-1_humidity,10,2026-05-20 05:52:00,32.000000,32.000000,32.000000,32.110895
th-1_humidity,10,2026-05-20 06:25:00,33.000000,32.000000,32.033333,32.243818
th-1_humidity,10,2026-05-20 06:58:00,33.000000,33.000000,32.866667,33.077760
th-1_humidity,10,2026-05-20 07:31:00,33.000000,33.000000,33.000000,33.233253
th-1_humidity,10,2026-05-20 08:04:00,34.000000,33.000000,33.000000,33.195644
th-1_humidity,10,2026-05-20 08:37:00,34.000000,34.000000,34.000000,34.042818
th-1_humidity,10,2026-05-20 09:10:00,34.000000,34.000000,34.000000,33.822430
th-1_humidity,10,2026-05-20 09:43:00,32.000000,32.000000,33.733333,31.956454
th-1_humidity,10,2026-05-20 10:16:00,32.000000,32.000000,31.866667,32.008091
th-1_humidity,10,2026-05-20 10:49:00,31.000000,31.000000,31.266667,30.791021
th-1_humidity,10,2026-05-20 11:22:00,35.000000,34.000000,32.266667,35.012929
th-1_humidity,10,2026-05-20 11:55:00,35.000000,35.000000,34.966667,35.299222
th-1_humidity,10,2026-05-20 12:28:00,33.000000,33.000000,34.633333,32.815180
th-1_humidity,10,2026-05-20 13:01:00,32.000000,33.000000,32.866667,32.486995
th-1_humidity,10,2026-05-20 13:34:00,33.000000,32.000000,32.200000,32.039320
th-1_humidity,10,2026-05-20 14:07:00,36.000000,36.000000,34.733333,35.914481
th-1_humidity,10,2026-05-20 14:40:00,36.000000,36.000000,36.000000,36.375262
th-1_humidity,10,2026-05-20 15:13:00,36.000000,36.000000,36.000000,35.996325
th-1_humidity,10,2026-05-20 15:46:00,36.000000,36.000000,36.000000,35.953616
th-1_humidity,10,2026-05-20 16:19:00,36.000000,36.000000,36.000000,35.931792
th-1_humidity,10,2026-05-20 16:52:00,36.000000,36.000000,36.000000,36.004391
th-1_humidity,10,2026-05-20 17:25:00,35.000000,35.000000,35.600000,35.021832
th-1_humidity,10,2026-05-20 17:58:00,35.000000,35.000000,35.000000,34.926169
th-1_humidity,10,2026-05-20 18:31:00,35.000000,35.000000,35.000000,34.980853
th-1_humidity,10,2026-05-20 19:04:00,33.000000,35.000000,35.000000,34.889893
th-1_humidity,10,2026-05-20 19:37:00,33.000000,33.000000,33.266667,32.633639
th-1_humidity,10,2026-05-20 20:10:00,33.000000,33.000000,33.000000,32.794083
th-1_humidity,10,2026-05-20 20:43:00,33.000000,33.000000,33.000000,33.040898
th-1_humidity,10,2026-05-20 21:16:00,33.000000,33.000000,33.000000,33.002529
th-1_humidity,10,2026-05-20 21:49:00,33.000000,33.000000,33.000000,32.972611
th-1_humidity,10,2026-05-20 22:22:00,32.000000,33.000000,33.000000,32.964283
th-1_humidity,10,2026-05-20 22:55:00,32.000000,32.000000,32.066667,32.016109
th-1_humidity,10,2026-05-20 23:28:00,32.000000,32.000000,32.000000,32.010872
th-1_humidity,10,2026-05-21 00:01:00,32.000000,32.000000,32.000000,31.939631
th-1_humidity,10,2026-05-21 00:34:00,32.000000,32.000000,32.000000,31.879403
th-1_humidity,10,2026-05-21 01:07:00,32.000000,32.000000,32.000000,31.936395
th-1_humidity,10,2026-05-21 01:40:00,32.000000,32.000000,32.000000,31.901955
th-1_humidity,10,2026-05-21 02:13:00,31.000000,32.000000,32.000000,31.933201
th-1_humidity,10,2026-05-21 02:46:00,31.000000,31.000000,31.033333,30.942117
th-1_humidity,10,2026-05-21 03:19:00,32.000000,31.000000,31.000000,30.982497
th-1_humidity,10,2026-05-21 03:52:00,33.000000,33.000000,32.066667,32.936318
th-1_humidity,10,2026-05-21 04:25:00,33.000000,33.000000,33.000000,33.194448
th-1_humidity,10,2026-05-21 04:58:00,33.000000,33.000000,33.000000,33.072239
th-1_humidity,10,2026-05-21 05:31:00,33.000000,33.000000,33.000000,33.067340
th-1_humidity,10,2026-05-21 06:04:00,33.000000,33.000000,33.000000,33.061193
th-1_humidity,10,2026-05-21 06:37:00,33.000000,33.000000,33.000000,33.026405
th-1_humidity,10,2026-05-21 07:10:00,33.000000,33.000000,33.000000,33.011601
th-1_humidity,10,2026-05-21 07:43:00,33.000000,33.000000,33.000000,33.062224
th-1_humidity,10,2026-05-21 08:16:00,33.000000,33.000000,33.000000,32.999254
th-1_humidity,10,2026-05-21 08:49:00,33.000000,33.000000,33.000000,33.077001
th-1_humidity,10,2026-05-21 09:22:00,33.000000,33.000000,33.000000,33.039010
th-1_humidity,10,2026-05-21 09:55:00,31.000000,32.000000,32.466667,31.859878
th-1_humidity,10,2026-05-21 10:28:00,31.000000,31.000000,31.233333,30.818974
th-1_humidity,10,2026-05-21 11:01:00,31.000000,31.000000,31.000000,30.977186
th-1_humidity,10,2026-05-21 11:34:00,31.000000,31.000000,31.000000,30.974508
th-1_humidity,10,2026-05-21 12:07:00,32.000000,31.000000,31.000000,30.997318
th-1_humidity,10,2026-05-21 12:40:00,32.000000,32.000000,31.866667,32.011198
th-1_humidity,10,2026-05-21 13:13:00,32.000000,32.000000,32.000000,32.113185
th-1_humidity,10,2026-05-21 13:46:00,32.000000,32.000000,32.000000,32.032796
th-1_humidity,10,2026-05-21 14:19:00,32.000000,32.000000,32.000000,32.098718
th-1_humidity,10,2026-05-21 14:52:00,32.000000,32.000000,32.000000,32.121073
th-1_humidity,10,2026-05-21 15:25:00,33.000000,32.000000,32.000000,32.090635
th-1_humidity,10,2026-05-21 15:58:00,33.000000,33.000000,32.966667,33.108745
th-1_humidity,10,2026-05-21 16:31:00,33.000000,33.000000,33.000000,33.133644
th-1_humidity,10,2026-05-21 17:04:00,33.000000,33.000000,33.000000,33.123182
th-1_humidity,10,2026-05-21 17:37:00,33.000000,33.000000,33.000000,33.025863
th-1_humidity,10,2026-05-21 18:10:00,33.000000,33.000000,33.000000,33.130298
th-1_humidity,10,2026-05-21 18:43:00,33.000000,33.000000,33.000000,33.049098
th-1_humidity,10,2026-05-21 19:16:00,33.000000,33.000000,33.000000,33.015550
th-1_humidity,10,2026-05-21 19:49:00,33.000000,33.000000,33.000000,32.985359
th-1_humidity,10,2026-05-21 20:22:00,33.000000,33.000000,33.000000,33.072792
th-1_humidity,10,2026-05-21 20:55:00,33.000000,33.000000,33.000000,33.060218
th-1_humidity,10,2026-05-21 21:28:00,33.000000,33.000000,33.000000,32.970410
th-1_humidity,10,2026-05-21 22:01:00,33.000000,33.000000,33.000000,32.990150
th-1_humidity,10,2026-05-21 22:34:00,33.000000,33.000000,33.000000,33.059538
th-1_humidity,10,2026-05-21 23:07:00,33.000000,33.000000,33.000000,32.991241
th-1_humidity,10,2026-05-21 23:40:00,33.000000,33.000000,33.000000,33.027098
th-1_humidity,10,2026-05-22 00:13:00,33.000000,33.000000,33.000000,33.002473
th-1_humidity,10,2026-05-22 00:46:00,33.000000,33.000000,33.000000,33.019393
th-1_humidity,10,2026-05-22 01:19:00,33.000000,33.000000,33.000000,32.987200
th-1_humidity,10,2026-05-22 01:52:00,33.000000,33.000000,33.000000,33.044374
th-1_humidity,10,2026-05-22 02:25:00,33.000000,33.000000,33.000000,32.963346
th-1_humidity,10,2026-05-22 02:58:00,33.000000,33.000000,33.000000,33.065835
th-1_humidity,10,2026-05-22 03:31:00,33.000000,33.000000,33.000000,33.173408
th-1_humidity,10,2026-05-22 04:04:00,35.000000,34.000000,33.266667,34.168823
th-1_humidity,10,2026-05-22 04:37:00,35.000000,35.000000,34.966667,35.132279
th-1_humidity,10,2026-05-22 05:10:00,35.000000,35.000000,35.000000,35.120619
th-1_humidity,10,2026-05-22 05:43:00,35.000000,35.000000,35.000000,35.143013
th-1_humidity,10,2026-05-22 06:16:00,35.000000,35.000000,35.000000,35.051868
th-1_humidity,10,2026-05-22 06:49:00,35.000000,35.000000,35.000000,35.095986
th-1_humidity,10,2026-05-22 07:22:00,35.000000,35.000000,35.000000,35.090842
th-1_humidity,10,2026-05-22 07:55:00,35.000000,35.000000,35.000000,35.125359
th-1_humidity,10,2026-05-22 08:28:00,35.000000,35.000000,35.000000,35.094318
th-1_humidity,10,2026-05-22 09:01:00,36.000000,35.000000,35.000000,35.140389
th-1_humidity,10,2026-05-22 09:34:00,34.000000,35.000000,35.433333,35.029937
th-1_humidity,10,2026-05-22 10:07:00,33.000000,33.000000,33.633333,32.906172
th-1_humidity,10,2026-05-22 10:40:00,33.000000,33.000000,33.000000,32.774033
th-1_humidity,10,2026-05-22 11:13:00,33.000000,33.000000,33.000000,33.042019
th-1_humidity,10,2026-05-22 11:46:00,34.000000,34.000000,33.300000,33.936169
th-1_humidity,10,2026-05-22 12:19:00,37.000000,36.000000,34.533333,36.748210
th-1_humidity,10,2026-05-22 12:52:00,37.000000,37.000000,37.000000,37.221213
th-1_humidity,10,2026-05-22 13:25:00,37.000000,37.000000,37.000000,36.993494
th-1_humidity,10,2026-05-22 13:58:00,37.000000,37.000000,37.000000,36.892089
th-1_humidity,10,2026-05-22 14:31:00,37.000000,37.000000,36.900000,36.860694
th-1_humidity,10,2026-05-22 15:04:00,36.000000,36.000000,36.766667,36.115754
th-1_humidity,10,2026-05-22 15:37:00,36.000000,36.000000,36.000000,36.008311
th-1_humidity,10,2026-05-22 16:10:00,36.000000,36.000000,36.000000,35.890964
th-1_humidity,10,2026-05-22 16:43:00,36.000000,35.000000,35.600000,35.045566
th-1_humidity,10,2026-05-22 17:16:00,36.000000,36.000000,36.000000,35.988233
th-1_humidity,10,2026-05-22 17:49:00,36.000000,36.000000,36.000000,35.985289
th-1_humidity,10,2026-05-22 18:22:00,36.000000,36.000000,36.000000,36.072011
th-1_humidity,10,2026-05-22 18:55:00,34.000000,33.000000,35.166667,33.109278
th-1_humidity,10,2026-05-22 19:28:00,33.000000,33.000000,33.566667,32.840376
th-1_humidity,10,2026-05-22 20:01:00,33.000000,33.000000,33.000000,33.118321
th-1_humidity,10,2026-05-22 20:34:00,33.000000,33.000000,33.000000,33.085785
th-1_humidity,10,2026-05-22 21:07:00,33.000000,33.000000,33.000000,33.053887
th-1_humidity,10,2026-05-22 21:40:00,33.000000,33.000000,33.000000,33.073294
th-1_humidity,10,2026-05-22 22:13:00,33.000000,33.000000,33.000000,33.069626
th-1_humidity,10,2026-05-22 22:46:00,33.000000,33.000000,33.000000,33.035165
th-1_humidity,10,2026-05-22 23:19:00,33.000000,33.000000,33.000000,33.024422
th-1_humidity,10,2026-05-22 23:52:00,33.000000,33.000000,33.000000,33.011056
th-1_humidity,10,2026-05-23 00:25:00,33.000000,33.000000,33.000000,33.026272
th-1_humidity,10,2026-05-23 00:58:00,33.000000,33.000000,33.000000,33.055954
th-1_humidity,10,2026-05-23 01:31:00,33.000000,33.000000,33.000000,33.033801
th-1_humidity,10,2026-05-23 02:04:00,33.000000,33.000000,33.000000,33.041771
th-1_humidity,10,2026-05-23 02:37:00,33.000000,33.000000,33.066667,33.076356
th-1_humidity,10,2026-05-23 03:10:00,34.000000,33.000000,33.000000,33.094259
th-1_humidity,10,2026-05-23 03:43:00,34.000000,34.000000,33.833333,34.174658
th-1_humidity,10,2026-05-23 04:16:00,34.000000,34.000000,34.000000,34.219504
th-1_humidity,10,2026-05-23 04:49:00,34.000000,34.000000,34.000000,34.152352
th-1_humidity,10,2026-05-23 05:22:00,34.000000,34.000000,34.000000,34.117667
th-1_humidity,10,2026-05-23 05:55:00,34.000000,34.000000,34.000000,34.091723
th-1_humidity,10,2026-05-23 06:28:00,34.000000,34.000000,34.000000,34.074540
th-1_humidity,10,2026-05-23 07:01:00,34.000000,34.000000,34.000000,34.057298
th-1_humidity,10,2026-05-23 07:34:00,34.000000,34.000000,34.000000,34.098589
th-1_humidity,10,2026-05-23 08:07:00,34.000000,34.000000,34.000000,34.067834
th-1_humidity,10,2026-05-23 08:40:00,34.000000,34.000000,34.000000,34.114147
th-1_humidity,10,2026-05-23 09:13:00,34.000000,35.000000,34.066667,34.760741
th-1_humidity,10,2026-05-23 09:46:00,34.000000,34.000000,34.000000,33.766949
th-1_humidity,10,2026-05-23 10:19:00,34.000000,34.000000,34.000000,33.929352
th-1_humidity,10,2026-05-23 10:52:00,34.000000,34.000000,34.000000,33.983792
th-1_humidity,10,2026-05-23 11:25:00,34.000000,34.000000,34.000000,33.976417
th-1_humidity,10,2026-05-23 11:58:00,34.000000,34.000000,34.000000,34.007885
th-1_humidity,10,2026-05-23 12:31:00,34.000000,34.000000,34.000000,34.000010
th-1_humidity,10,2026-05-23 13:04:00,34.000000,34.000000,34.000000,33.957416
th-1_humidity,10,2026-05-23 13:37:00,34.000000,34.000000,34.000000,34.022806
th-1_humidity,10,2026-05-23 14:10:00,34.000000,34.000000,34.000000,33.984575
th-1_humidity,10,2026-05-23 14:43:00,34.000000,34.000000,34.000000,33.910715
th-1_humidity,10,2026-05-23 15:16:00,33.000000,33.000000,33.433333,33.087480
th-1_humidity,10,2026-05-23 15:49:00,33.000000,33.000000,33.000000,32.936495
th-1_humidity,10,2026-05-23 16:22:00,33.000000,33.000000,33.000000,33.015646
th-1_humidity,10,2026-05-23 16:55:00,33.000000,33.000000,33.000000,32.973749
th-1_humidity,10,2026-05-23 17:28:00,33.000000,33.000000,33.000000,32.941255
th-1_humidity,10,2026-05-23 18:01:00,32.000000,31.000000,32.766667,31.620526
th-1_humidity,10,2026-05-23 18:34:00,31.000000,31.000000,31.800000,31.236218
th-1_humidity,10,2026-05-23 19:07:00,31.000000,31.000000,31.133333,30.975452
th-1_humidity,10,2026-05-23 19:40:00,31.000000,31.000000,31.133333,30.873847
th-1_humidity,10,2026-05-23 20:13:00,31.000000,31.000000,31.000000,30.959930
th-1_humidity,10,2026-05-23 20:46:00,30.000000,30.000000,30.366667,30.102345
th-1_humidity,10,2026-05-23 21:19:00,30.000000,30.000000,30.100000,30.053529
th-1_humidity,10,2026-05-23 21:52:00,30.000000,30.000000,30.066667,30.006574
th-1_humidity,10,2026-05-23 22:25:00,31.000000,31.000000,30.500000,30.884718
th-1_humidity,10,2026-05-23 22:58:00,31.000000,31.000000,30.833333,30.981641
th-1_humidity,10,2026-05-23 23:31:00,31.000000,31.000000,30.966667,30.978820
th-1_humidity,10,2026-05-24 00:04:00,31.000000,31.000000,31.000000,31.006721
th-1_humidity,10,2026-05-24 00:37:00,31.000000,31.000000,31.000000,30.958476
th-1_humidity,10,2026-05-24 01:10:00,31.000000,31.000000,31.000000,30.932221
th-1_humidity,10,2026-05-24 01:43:00,30.000000,30.000000,30.366667,30.065948
th-1_humidity,10,2026-05-24 02:16:00,30.000000,30.000000,30.000000,29.972186
th-1_humidity,10,2026-05-24 02:49:00,30.000000,30.000000,30.000000,29.961359
th-1_humidity,10,2026-05-24 03:22:00,30.000000,30.000000,30.000000,30.141523
th-1_humidity,10,2026-05-24 03:55:00,31.000000,31.000000,30.233333,30.959900
th-1_humidity,10,2026-05-24 04:28:00,31.000000,31.000000,31.000000,31.133055
th-1_humidity,10,2026-05-24 05:01:00,31.000000,31.000000,31.000000,31.122310
th-1_humidity,10,2026-05-24 05:34:00,31.000000,31.000000,31.000000,31.134794
th-1_humidity,10,2026-05-24 06:07:00,31.000000,31.000000,31.000000,31.085045
th-1_humidity,10,2026-05-24 06:40:00,31.000000,31.000000,31.000000,31.146379
th-1_humidity,10,2026-05-24 07:13:00,31.000000,31.000000,31.000000,31.156905
th-1_humidity,10,2026-05-24 07:46:00,32.000000,32.000000,31.733333,32.000598
th-1_humidity,10,2026-05-24 08:19:00,32.000000,32.000000,32.000000,32.111941
th-1_humidity,10,2026-05-24 08:52:00,32.000000,32.000000,32.000000,32.109941
th-1_humidity,10,2026-05-24 09:25:00,32.000000,32.000000,32.000000,31.932844
th-1_humidity,10,2026-05-24 09:58:00,32.000000,32.000000,32.000000,31.897461
th-1_humidity,10,2026-05-24 10:31:00,32.000000,32.000000,32.000000,31.975566
th-1_humidity,10,2026-05-24 11:04:00,32.000000,32.000000,32.000000,32.090779
th-1_humidity,10,2026-05-24 11:37:00,32.000000,32.000000,32.000000,32.110461
th-1_humidity,10,2026-05-24 12:10:00,32.000000,32.000000,32.000000,32.039525
th-1_humidity,10,2026-05-24 12:43:00,32.000000,32.000000,32.000000,32.122071
th-1_humidity,10,2026-05-24 13:16:00,32.000000,32.000000,32.000000,32.068355
th-1_humidity,10,2026-05-24 13:49:00,33.000000,33.000000,32.300000,32.764231
th-1_humidity,10,2026-05-24 14:22:00,33.000000,33.000000,33.000000,32.999119
th-1_humidity,10,2026-05-24 14:55:00,32.000000,33.000000,33.000000,33.037700
th-1_humidity,10,2026-05-24 15:28:00,32.000000,32.000000,32.100000,32.032321
th-1_humidity,10,2026-05-24 16:01:00,32.000000,32.000000,32.000000,31.896640
th-1_humidity,10,2026-05-24 16:34:00,31.000000,32.000000,32.000000,31.808486
th-1_humidity,10,2026-05-24 17:07:00,31.000000,31.000000,31.000000,30.898836
th-1_humidity,10,2026-05-24 17:40:00,30.000000,30.000000,30.833333,30.190167
th-1_humidity,10,2026-05-24 18:13:00,30.000000,30.000000,30.000000,29.931278
th-1_humidity,10,2026-05-24 18:46:00,29.000000,30.000000,30.000000,29.796210
th-1_humidity,10,2026-05-24 19:19:00,29.000000,29.000000,29.033333,28.988009
th-1_humidity,10,2026-05-24 19:52:00,29.000000,29.000000,29.000000,28.970736
th-1_humidity,10,2026-05-24 20:25:00,29.000000,29.000000,29.000000,29.029363
th-1_humidity,10,2026-05-24 20:58:00,29.000000,29.000000,29.000000,28.966337
th-1_humidity,10,2026-05-24 21:31:00,29.000000,29.000000,29.000000,29.028360
th-1_humidity,10,2026-05-24 22:04:00,29.000000,29.000000,29.000000,28.932221
th-1_humidity,10,2026-05-24 22:37:00,29.000000,29.000000,29.000000,29.072034
th-1_humidity,10,2026-05-24 23:10:00,29.000000,29.000000,29.000000,28.993206
th-1_humidity,10,2026-05-24 23:43:00,29.000000,29.000000,29.000000,28.929159
th-1_humidity,10,2026-05-25 00:16:00,29.000000,29.000000,29.000000,28.983734
th-1_humidity,10,2026-05-25 00:49:00,29.000000,29.000000,29.000000,29.040155
th-1_humidity,10,2026-05-25 01:22:00,29.000000,29.000000,29.000000,29.019651
th-1_humidity,10,2026-05-25 01:55:00,29.000000,29.000000,29.000000,28.913459
th-1_humidity,10,2026-05-25 02:28:00,28.000000,28.000000,28.600000,28.082856
th-1_humidity,10,2026-05-25 03:01:00,28.000000,28.000000,28.000000,27.960311
th-1_humidity,10,2026-05-25 03:34:00,28.000000,28.000000,28.000000,28.106613
th-1_humidity,10,2026-05-25 04:07:00,29.000000,29.000000,28.300000,28.942697
th-1_humidity,10,2026-05-25 04:40:00,29.000000,29.000000,29.000000,29.085838
th-1_humidity,10,2026-05-25 05:13:00,29.000000,29.000000,29.000000,29.045642
th-1_humidity,10,2026-05-25 05:46:00,28.000000,29.000000,28.733333,28.853928
th-1_humidity,10,2026-05-25 06:19:00,29.000000,28.000000,28.400000,28.217216
th-1_humidity,10,2026-05-25 06:52:00,29.000000,29.000000,28.866667,29.110451
th-1_humidity,10,2026-05-25 07:25:00,29.000000,29.000000,29.000000,29.051731
th-1_humidity,10,2026-05-25 07:58:00,29.000000,29.000000,29.000000,29.091107
th-1_humidity,10,2026-05-25 08:31:00,29.000000,29.000000,29.000000,29.083970
th-1_humidity,10,2026-05-25 09:04:00,29.000000,29.000000,29.000000,29.058408
th-1_humidity,10,2026-05-25 09:37:00,28.000000,29.000000,29.000000,28.611083
th-1_humidity,10,2026-05-25 10:10:00,27.000000,27.000000,27.933333,27.162838
th-1_humidity,10,2026-05-25 10:43:00,26.000000,26.000000,26.766667,26.029215
th-1_humidity,10,2026-05-25 11:16:00,25.000000,25.000000,25.633333,24.897857
th-1_humidity,10,2026-05-25 11:49:00,24.000000,25.000000,25.566667,25.327102
th-1_humidity,10,2026-05-25 12:22:00,22.000000,23.000000,23.666667,22.741887
th-1_humidity,10,2026-05-25 12:55:00,23.000000,23.000000,22.666667,23.000603
th-1_humidity,10,2026-05-25 13:28:00,23.000000,23.000000,23.400000,23.044040
th-1_humidity,10,2026-05-25 14:01:00,22.000000,22.000000,22.633333,21.874679
th-1_humidity,10,2026-05-25 14:34:00,23.000000,23.000000,22.533333,23.161922
th-1_humidity,10,2026-05-25 15:07:00,23.000000,22.000000,22.833333,22.196433
th-1_humidity,10,2026-05-25 15:40:00,21.000000,23.000000,22.766667,22.695000
th-1_humidity,10,2026-05-25 16:13:00,23.000000,22.000000,21.466667,22.229260
th-1_humidity,10,2026-05-25 16:46:00,21.000000,22.000000,22.266667,21.723557
th-1_humidity,10,2026-05-25 17:19:00,22.000000,22.000000,21.366667,21.850037
th-1_humidity,10,2026-05-25 17:52:00,22.000000,22.000000,22.000000,21.849825
th-1_humidity,10,2026-05-25 18:25:00,21.000000,21.000000,21.800000,21.270042
th-1_humidity,10,2026-05-25 18:58:00,21.000000,21.000000,21.000000,20.955532
th-1_humidity,10,2026-05-25 19:31:00,22.000000,22.000000,21.400000,21.992909
th-1_humidity,10,2026-05-25 20:04:00,23.000000,22.000000,22.000000,22.204456
th-1_humidity,10,2026-05-25 20:37:00,23.000000,23.000000,23.033333,23.072784
th-1_humidity,10,2026-05-25 21:10:00,24.000000,23.000000,23.000000,23.068662
th-1_humidity,10,2026-05-25 21:43:00,25.000000,24.000000,23.966667,24.303007
th-1_humidity,10,2026-05-25 22:16:00,25.000000,25.000000,24.700000,25.073276
th-1_humidity,10,2026-05-25 22:49:00,25.000000,25.000000,25.000000,25.145107
th-1_humidity,10,2026-05-25 23:22:00,25.000000,25.000000,25.300000,25.116368
th-1_humidity,10,2026-05-25 23:55:00,25.000000,25.000000,25.033333,25.061147
th-1_humidity,10,2026-05-26 00:28:00,25.000000,25.000000,25.000000,24.980113
th-1_humidity,10,2026-05-26 01:01:00,25.000000,25.000000,25.000000,24.934965
th-1_humidity,10,2026-05-26 01:34:00,24.000000,25.000000,24.966667,24.870888
th-1_humidity,10,2026-05-26 02:07:00,24.000000,24.000000,24.166667,23.891334
th-1_humidity,10,2026-05-26 02:40:00,24.000000,24.000000,24.000000,23.779267
th-1_humidity,10,2026-05-26 03:13:00,23.000000,23.000000,23.600000,23.068521
th-1_humidity,10,2026-05-26 03:46:00,22.000000,22.000000,22.966667,22.202463
th-1_humidity,10,2026-05-26 04:19:00,22.000000,22.000000,22.000000,22.077316
th-1_humidity,10,2026-05-26 04:52:00,22.000000,22.000000,22.000000,22.081630
th-1_humidity,10,2026-05-26 05:25:00,23.000000,23.000000,22.633333,23.203966
th-1_humidity,10,2026-05-26 05:58:00,23.000000,23.000000,23.000000,22.988086
th-1_humidity,10,2026-05-26 06:31:00,23.000000,23.000000,22.966667,22.953576
th-1_humidity,10,2026-05-26 07:04:00,22.000000,23.000000,22.633333,22.764323
th-1_humidity,10,2026-05-26 07:37:00,23.000000,22.000000,22.000000,22.063611
th-1_humidity,10,2026-05-26 08:10:00,23.000000,23.000000,22.933333,23.177886
th-1_humidity,10,2026-05-26 08:43:00,23.000000,23.000000,23.000000,23.048262
th-1_humidity,10,2026-05-26 09:16:00,23.000000,23.000000,23.000000,23.029836
th-1_humidity,10,2026-05-26 09:49:00,23.000000,23.000000,23.000000,22.914260
th-1_humidity,10,2026-05-26 10:22:00,23.000000,23.000000,23.000000,23.096846
th-1_humidity,10,2026-05-26 10:55:00,23.000000,23.000000,23.000000,22.954588
th-1_humidity,10,2026-05-26 11:28:00,23.000000,23.000000,23.000000,23.054080
th-1_humidity,10,2026-05-26 12:01:00,23.000000,23.000000,23.000000,22.990132
th-1_humidity,10,2026-05-26 12:34:00,23.000000,23.000000,23.000000,22.979555
th-1_humidity,10,2026-05-26 13:07:00,22.000000,22.000000,22.500000,21.933190
th-1_humidity,10,2026-05-26 13:40:00,22.000000,22.000000,22.100000,21.991006
th-1_humidity,10,2026-05-26 14:13:00,22.000000,22.000000,22.000000,21.858587
th-1_humidity,10,2026-05-26 14:46:00,22.000000,22.000000,22.000000,21.838752
th-1_humidity,10,2026-05-26 15:19:00,22.000000,22.000000,22.000000,21.915755
th-1_humidity,10,2026-05-26 15:52:00,22.000000,22.000000,21.933333,22.140174
th-1_humidity,10,2026-05-26 16:25:00,22.000000,22.000000,22.000000,21.982184
th-1_humidity,10,2026-05-26 16:58:00,22.000000,22.000000,22.000000,21.978478
th-1_humidity,10,2026-05-26 17:31:00,22.000000,22.000000,22.000000,22.049239
th-1_humidity,10,2026-05-26 18:04:00,22.000000,22.000000,22.100000,22.010702
th-1_humidity,10,2026-05-26 18:37:00,22.000000,22.000000,22.000000,21.887734
th-1_humidity,10,2026-05-26 19:10:00,23.000000,22.000000,22.000000,22.157626
th-1_humidity,10,2026-05-26 19:43:00,23.000000,23.000000,22.966667,23.106759
th-1_humidity,10,2026-05-26 20:16:00,24.000000,24.000000,23.033333,23.693662
th-1_humidity,10,2026-05-26 20:49:00,24.000000,24.000000,23.966667,24.106801
th-1_humidity,10,2026-05-26 21:22:00,25.000000,25.000000,24.200000,24.939739
th-1_humidity,10,2026-05-26 21:55:00,25.000000,25.000000,25.000000,25.056211
th-1_humidity,30,2026-05-15 09:06:00,25.000000,27.000000,26.633333,26.739393
th-1_humidity,30,2026-05-15 09:39:00,23.000000,25.000000,25.700000,24.247021
th-1_humidity,30,2026-05-15 10:12:00,23.000000,23.000000,23.166667,22.346600
th-1_humidity,30,2026-05-15 10:45:00,23.000000,23.000000,23.000000,22.832902
th-1_humidity,30,2026-05-15 11:18:00,23.000000,23.000000,23.000000,23.089176
th-1_humidity,30,2026-05-15 11:51:00,23.000000,23.000000,23.000000,23.088100
th-1_humidity,30,2026-05-15 12:24:00,23.000000,23.000000,23.000000,23.175210
th-1_humidity,30,2026-05-15 12:57:00,24.000000,23.000000,23.000000,23.195122
th-1_humidity,30,2026-05-15 13:30:00,24.000000,24.000000,23.166667,24.013275
th-1_humidity,30,2026-05-15 14:03:00,24.000000,24.000000,23.666667,23.817758
th-1_humidity,30,2026-05-15 14:36:00,24.000000,24.000000,24.000000,24.125350
th-1_humidity,30,2026-05-15 15:09:00,24.000000,24.000000,24.000000,24.209173
th-1_humidity,30,2026-05-15 15:42:00,24.000000,24.000000,24.000000,24.233723
th-1_humidity,30,2026-05-15 16:15:00,24.000000,24.000000,24.000000,24.213017
th-1_humidity,30,2026-05-15 16:48:00,24.000000,24.000000,24.000000,24.125073
th-1_humidity,30,2026-05-15 17:21:00,24.000000,24.000000,24.033333,24.293947
th-1_humidity,30,2026-05-15 17:54:00,25.000000,25.000000,24.400000,25.079557
th-1_humidity,30,2026-05-15 18:27:00,25.000000,25.000000,24.866667,25.149326
th-1_humidity,30,2026-05-15 19:00:00,25.000000,25.000000,25.000000,25.284677
th-1_humidity,30,2026-05-15 19:33:00,25.000000,25.000000,25.000000,25.225521
th-1_humidity,30,2026-05-15 20:06:00,25.000000,25.000000,25.000000,25.153632
th-1_humidity,30,2026-05-15 20:39:00,25.000000,25.000000,24.966667,25.193895
th-1_humidity,30,2026-05-15 21:12:00,25.000000,25.000000,25.000000,25.088193
th-1_humidity,30,2026-05-15 21:45:00,25.000000,25.000000,24.966667,25.040953
th-1_humidity,30,2026-05-15 22:18:00,25.000000,25.000000,25.000000,25.102210
th-1_humidity,30,2026-05-15 22:51:00,25.000000,25.000000,24.866667,24.998140
th-1_humidity,30,2026-05-15 23:24:00,25.000000,25.000000,24.700000,25.125030
th-1_humidity,30,2026-05-15 23:57:00,25.000000,25.000000,24.900000,25.068741
th-1_humidity,30,2026-05-16 00:30:00,25.000000,25.000000,25.000000,25.154300
th-1_humidity,30,2026-05-16 01:03:00,25.000000,25.000000,25.000000,25.124775
th-1_humidity,30,2026-05-16 01:36:00,25.000000,25.000000,25.000000,25.186330
th-1_humidity,30,2026-05-16 02:09:00,25.000000,25.000000,25.000000,25.224053
th-1_humidity,30,2026-05-16 02:42:00,25.000000,25.000000,25.000000,25.184154
th-1_humidity,30,2026-05-16 03:15:00,28.000000,25.000000,25.000000,25.809901
th-1_humidity,30,2026-05-16 03:48:00,28.000000,28.000000,26.933333,28.828538
th-1_humidity,30,2026-05-16 04:21:00,29.000000,28.000000,28.000000,28.822116
th-1_humidity,30,2026-05-16 04:54:00,29.000000,29.000000,29.000000,29.383454
th-1_humidity,30,2026-05-16 05:27:00,29.000000,29.000000,29.000000,29.363971
th-1_humidity,30,2026-05-16 06:00:00,29.000000,29.000000,29.000000,29.297881
th-1_humidity,30,2026-05-16 06:33:00,29.000000,29.000000,29.000000,29.281825
th-1_humidity,30,2026-05-16 07:06:00,29.000000,29.000000,29.000000,29.323100
th-1_humidity,30,2026-05-16 07:39:00,30.000000,30.000000,29.033333,30.000612
th-1_humidity,30,2026-05-16 08:12:00,30.000000,30.000000,30.000000,30.213521
th-1_humidity,30,2026-05-16 08:45:00,30.000000,30.000000,30.000000,30.202494
th-1_humidity,30,2026-05-16 09:18:00,28.000000,29.000000,29.933333,29.015228
th-1_humidity,30,2026-05-16 09:51:00,27.000000,27.000000,28.566667,26.555693
th-1_humidity,30,2026-05-16 10:24:00,27.000000,27.000000,27.000000,26.587374
th-1_humidity,30,2026-05-16 10:57:00,26.000000,27.000000,27.000000,27.020071
th-1_humidity,30,2026-05-16 11:30:00,26.000000,26.000000,26.366667,25.989816
th-1_humidity,30,2026-05-16 12:03:00,26.000000,26.000000,26.000000,26.060883
th-1_humidity,30,2026-05-16 12:36:00,26.000000,26.000000,26.033333,26.191711
th-1_humidity,30,2026-05-16 13:09:00,26.000000,26.000000,26.000000,26.214712
th-1_humidity,30,2026-05-16 13:42:00,26.000000,26.000000,26.033333,26.119055
th-1_humidity,30,2026-05-16 14:15:00,26.000000,26.000000,26.066667,26.088406
th-1_humidity,30,2026-05-16 14:48:00,26.000000,26.000000,26.000000,25.993704
th-1_humidity,30,2026-05-16 15:21:00,26.000000,26.000000,26.000000,26.011844
th-1_humidity,30,2026-05-16 15:54:00,26.000000,26.000000,26.000000,26.093420
th-1_humidity,30,2026-05-16 16:27:00,26.000000,26.000000,26.000000,26.007444
th-1_humidity,30,2026-05-16 17:00:00,26.000000,26.000000,26.000000,26.005822
th-1_humidity,30,2026-05-16 17:33:00,26.000000,26.000000,26.000000,26.022329
th-1_humidity,30,2026-05-16 18:06:00,26.000000,26.000000,26.000000,25.929517
th-1_humidity,30,2026-05-16 18:39:00,26.000000,26.000000,26.000000,25.930580
th-1_humidity,30,2026-05-16 19:12:00,26.000000,26.000000,26.000000,25.961003
th-1_humidity,30,2026-05-16 19:45:00,26.000000,26.000000,26.000000,26.009947
th-1_humidity,30,2026-05-16 20:18:00,26.000000,26.000000,26.000000,26.087317
th-1_humidity,30,2026-05-16 20:51:00,26.000000,26.000000,26.000000,26.087090
th-1_humidity,30,2026-05-16 21:24:00,27.000000,26.000000,26.000000,26.039775
th-1_humidity,30,2026-05-16 21:57:00,27.000000,27.000000,26.566667,26.869831
th-1_humidity,30,2026-05-16 22:30:00,27.000000,27.000000,26.966667,27.002742
th-1_humidity,30,2026-05-16 23:03:00,27.000000,27.000000,27.000000,27.084028
th-1_humidity,30,2026-05-16 23:36:00,27.000000,27.000000,26.900000,27.063258
th-1_humidity,30,2026-05-17 00:09:00,26.000000,27.000000,26.933333,27.141915
th-1_humidity,30,2026-05-17 00:42:00,27.000000,27.000000,26.800000,26.802848
th-1_humidity,30,2026-05-17 01:15:00,26.000000,26.000000,26.666667,26.416474
th-1_humidity,30,2026-05-17 01:48:00,26.000000,27.000000,26.200000,26.838614
th-1_humidity,30,2026-05-17 02:21:00,26.000000,26.000000,26.300000,26.193942
th-1_humidity,30,2026-05-17 02:54:00,28.000000,26.000000,26.333333,26.296480
th-1_humidity,30,2026-05-17 03:27:00,29.000000,28.000000,27.166667,28.834184
th-1_humidity,30,2026-05-17 04:00:00,30.000000,29.000000,28.900000,29.982761
th-1_humidity,30,2026-05-17 04:33:00,30.000000,30.000000,29.700000,30.554183
th-1_humidity,30,2026-05-17 05:06:00,30.000000,30.000000,30.000000,30.434884
th-1_humidity,30,2026-05-17 05:39:00,30.000000,30.000000,30.000000,30.356840
th-1_humidity,30,2026-05-17 06:12:00,30.000000,30.000000,30.000000,30.358704
th-1_humidity,30,2026-05-17 06:45:00,31.000000,30.000000,30.066667,30.477817
th-1_humidity,30,2026-05-17 07:18:00,31.000000,31.000000,31.000000,31.341990
th-1_humidity,30,2026-05-17 07:51:00,31.000000,31.000000,31.000000,31.225044
th-1_humidity,30,2026-05-17 08:24:00,31.000000,31.000000,31.000000,31.169779
th-1_humidity,30,2026-05-17 08:57:00,30.000000,31.000000,31.000000,31.241421
th-1_humidity,30,2026-05-17 09:30:00,28.000000,30.000000,30.700000,29.410197
th-1_humidity,30,2026-05-17 10:03:00,28.000000,28.000000,29.033333,27.428047
th-1_humidity,30,2026-05-17 10:36:00,28.000000,28.000000,28.000000,27.813212
th-1_humidity,30,2026-05-17 11:09:00,28.000000,28.000000,28.000000,28.003944
th-1_humidity,30,2026-05-17 11:42:00,28.000000,28.000000,28.000000,28.045690
th-1_humidity,30,2026-05-17 12:15:00,28.000000,28.000000,28.000000,28.121670
th-1_humidity,30,2026-05-17 12:48:00,28.000000,28.000000,28.000000,28.074060
th-1_humidity,30,2026-05-17 13:21:00,28.000000,28.000000,28.000000,28.137809
th-1_humidity,30,2026-05-17 13:54:00,29.000000,28.000000,28.000000,28.221095
th-1_humidity,30,2026-05-17 14:27:00,29.000000,29.000000,28.500000,29.031884
th-1_humidity,30,2026-05-17 15:00:00,29.000000,29.000000,29.000000,29.035644
th-1_humidity,30,2026-05-17 15:33:00,29.000000,29.000000,29.000000,29.114095
th-1_humidity,30,2026-05-17 16:06:00,29.000000,29.000000,29.000000,29.026119
th-1_humidity,30,2026-05-17 16:39:00,29.000000,29.000000,29.000000,28.983387
th-1_humidity,30,2026-05-17 17:12:00,29.000000,29.000000,29.000000,28.993737
th-1_humidity,30,2026-05-17 17:45:00,29.000000,29.000000,29.000000,28.991754
th-1_humidity,30,2026-05-17 18:18:00,29.000000,29.000000,29.000000,28.961655
th-1_humidity,30,2026-05-17 18:51:00,29.000000,29.000000,29.000000,29.109063
th-1_humidity,30,2026-05-17 19:24:00,29.000000,29.000000,29.000000,28.977133
th-1_humidity,30,2026-05-17 19:57:00,29.000000,29.000000,29.000000,29.027004
th-1_humidity,30,2026-05-17 20:30:00,29.000000,29.000000,29.000000,29.124932
th-1_humidity,30,2026-05-17 21:03:00,29.000000,29.000000,29.000000,28.998756
th-1_humidity,30,2026-05-17 21:36:00,29.000000,29.000000,29.000000,29.089851
th-1_humidity,30,2026-05-17 22:09:00,29.000000,29.000000,29.000000,28.931262
th-1_humidity,30,2026-05-17 22:42:00,29.000000,29.000000,29.000000,29.057104
th-1_humidity,30,2026-05-17 23:15:00,29.000000,29.000000,29.000000,29.004587
th-1_humidity,30,2026-05-17 23:48:00,29.000000,29.000000,29.000000,29.067850
th-1_humidity,30,2026-05-18 00:21:00,29.000000,29.000000,29.000000,29.125927
th-1_humidity,30,2026-05-18 00:54:00,29.000000,29.000000,29.000000,29.075885
th-1_humidity,30,2026-05-18 01:27:00,29.000000,29.000000,29.000000,29.028922
th-1_humidity,30,2026-05-18 02:00:00,29.000000,29.000000,29.000000,29.001835
th-1_humidity,30,2026-05-18 02:33:00,28.000000,29.000000,29.000000,29.084387
th-1_humidity,30,2026-05-18 03:06:00,31.000000,28.000000,28.600000,28.529901
th-1_humidity,30,2026-05-18 03:39:00,32.000000,31.000000,30.000000,31.790734
th-1_humidity,30,2026-05-18 04:12:00,32.000000,32.000000,31.233333,32.730182
th-1_humidity,30,2026-05-18 04:45:00,32.000000,32.000000,32.000000,32.533647
th-1_humidity,30,2026-05-18 05:18:00,32.000000,32.000000,32.000000,32.277575
th-1_humidity,30,2026-05-18 05:51:00,32.000000,32.000000,32.000000,32.289433
th-1_humidity,30,2026-05-18 06:24:00,32.000000,32.000000,32.000000,32.245512
th-1_humidity,30,2026-05-18 06:57:00,32.000000,32.000000,32.000000,32.263023
th-1_humidity,30,2026-05-18 07:30:00,32.000000,32.000000,32.000000,32.138632
th-1_humidity,30,2026-05-18 08:03:00,32.000000,32.000000,32.000000,32.175774
th-1_humidity,30,2026-05-18 08:36:00,32.000000,32.000000,32.000000,32.136224
th-1_humidity,30,2026-05-18 09:09:00,30.000000,32.000000,32.000000,32.051763
th-1_humidity,30,2026-05-18 09:42:00,30.000000,30.000000,31.066667,29.464509
th-1_humidity,30,2026-05-18 10:15:00,29.000000,29.000000,29.300000,28.499243
th-1_humidity,30,2026-05-18 10:48:00,29.000000,29.000000,29.000000,28.882012
th-1_humidity,30,2026-05-18 11:21:00,29.000000,29.000000,29.000000,29.340451
th-1_humidity,30,2026-05-18 11:54:00,29.000000,29.000000,29.266667,28.761448
th-1_humidity,30,2026-05-18 12:27:00,29.000000,29.000000,29.000000,29.265110
th-1_humidity,30,2026-05-18 13:00:00,29.000000,29.000000,29.700000,29.140578
th-1_humidity,30,2026-05-18 13:33:00,29.000000,29.000000,29.000000,28.908954
th-1_humidity,30,2026-05-18 14:06:00,29.000000,29.000000,28.866667,29.081220
th-1_humidity,30,2026-05-18 14:39:00,32.000000,29.000000,28.266667,29.064454
th-1_humidity,30,2026-05-18 15:12:00,31.000000,32.000000,30.700000,32.022060
th-1_humidity,30,2026-05-18 15:45:00,30.000000,31.000000,31.200000,31.262209
th-1_humidity,30,2026-05-18 16:18:00,30.000000,30.000000,30.733333,29.867058
th-1_humidity,30,2026-05-18 16:51:00,30.000000,30.000000,30.000000,30.107260
th-1_humidity,30,2026-05-18 17:24:00,30.000000,30.000000,30.000000,30.260605
th-1_humidity,30,2026-05-18 17:57:00,30.000000,30.000000,30.000000,30.209264
th-1_humidity,30,2026-05-18 18:30:00,29.000000,30.000000,30.000000,30.235449
th-1_humidity,30,2026-05-18 19:03:00,27.000000,28.000000,29.366667,27.774680
th-1_humidity,30,2026-05-18 19:36:00,27.000000,27.000000,27.666667,26.733374
th-1_humidity,30,2026-05-18 20:09:00,25.000000,27.000000,27.633333,26.963361
th-1_humidity,30,2026-05-18 20:42:00,25.000000,25.000000,25.800000,24.843877
th-1_humidity,30,2026-05-18 21:15:00,25.000000,26.000000,25.033333,25.919243
th-1_humidity,30,2026-05-18 21:48:00,26.000000,26.000000,25.600000,26.153608
th-1_humidity,30,2026-05-18 22:21:00,25.000000,26.000000,25.333333,26.003208
th-1_humidity,30,2026-05-18 22:54:00,25.000000,25.000000,25.700000,25.207772
th-1_humidity,30,2026-05-18 23:27:00,25.000000,25.000000,25.000000,25.039661
th-1_humidity,30,2026-05-19 00:00:00,25.000000,25.000000,25.000000,25.112094
th-1_humidity,30,2026-05-19 00:33:00,24.000000,24.000000,24.900000,24.422556
th-1_humidity,30,2026-05-19 01:06:00,24.000000,24.000000,24.033333,24.177484
th-1_humidity,30,2026-05-19 01:39:00,23.000000,24.000000,24.000000,24.183688
th-1_humidity,30,2026-05-19 02:12:00,23.000000,23.000000,23.533333,23.232737
th-1_humidity,30,2026-05-19 02:45:00,24.000000,23.000000,23.000000,23.249310
th-1_humidity,30,2026-05-19 03:18:00,26.000000,25.000000,23.200000,25.219510
th-1_humidity,30,2026-05-19 03:51:00,27.000000,26.000000,25.500000,27.153908
th-1_humidity,30,2026-05-19 04:24:00,28.000000,27.000000,26.800000,27.848509
th-1_humidity,30,2026-05-19 04:57:00,28.000000,28.000000,27.466667,28.601071
th-1_humidity,30,2026-05-19 05:30:00,29.000000,28.000000,28.000000,28.513221
th-1_humidity,30,2026-05-19 06:03:00,30.000000,29.000000,28.733333,29.446327
th-1_humidity,30,2026-05-19 06:36:00,31.000000,30.000000,29.233333,30.484025
th-1_humidity,30,2026-05-19 07:09:00,32.000000,31.000000,30.300000,31.429592
th-1_humidity,30,2026-05-19 07:42:00,33.000000,32.000000,31.333333,32.452768
th-1_humidity,30,2026-05-19 08:15:00,34.000000,33.000000,32.333333,33.441319
th-1_humidity,30,2026-05-19 08:48:00,35.000000,34.000000,33.300000,34.442390
th-1_humidity,30,2026-05-19 09:21:00,35.000000,35.000000,34.366667,34.519954
th-1_humidity,30,2026-05-19 09:54:00,33.000000,35.000000,34.166667,34.280015
th-1_humidity,30,2026-05-19 10:27:00,32.000000,32.000000,33.433333,31.433421
th-1_humidity,30,2026-05-19 11:00:00,32.000000,32.000000,32.000000,31.727951
th-1_humidity,30,2026-05-19 11:33:00,32.000000,32.000000,32.000000,31.834701
th-1_humidity,30,2026-05-19 12:06:00,32.000000,32.000000,32.000000,31.899316
th-1_humidity,30,2026-05-19 12:39:00,32.000000,32.000000,32.000000,31.921149
th-1_humidity,30,2026-05-19 13:12:00,31.000000,32.000000,32.000000,31.671387
th-1_humidity,30,2026-05-19 13:45:00,30.000000,31.000000,31.433333,30.383428
th-1_humidity,30,2026-05-19 14:18:00,27.000000,29.000000,29.966667,28.816648
th-1_humidity,30,2026-05-19 14:51:00,27.000000,27.000000,27.933333,26.393533
th-1_humidity,30,2026-05-19 15:24:00,27.000000,27.000000,27.000000,26.344081
th-1_humidity,30,2026-05-19 15:57:00,27.000000,27.000000,27.000000,26.861544
th-1_humidity,30,2026-05-19 16:30:00,26.000000,27.000000,27.000000,26.980506
th-1_humidity,30,2026-05-19 17:03:00,28.000000,26.000000,26.633333,25.673978
th-1_humidity,30,2026-05-19 17:36:00,27.000000,27.000000,26.266667,27.087681
th-1_humidity,30,2026-05-19 18:09:00,26.000000,27.000000,26.966667,26.981738
th-1_humidity,30,2026-05-19 18:42:00,26.000000,26.000000,26.700000,25.586299
th-1_humidity,30,2026-05-19 19:15:00,25.000000,26.000000,26.266667,25.584056
th-1_humidity,30,2026-05-19 19:48:00,26.000000,26.000000,25.833333,25.727463
th-1_humidity,30,2026-05-19 20:21:00,27.000000,26.000000,26.000000,26.183266
th-1_humidity,30,2026-05-19 20:54:00,27.000000,27.000000,26.633333,27.151396
th-1_humidity,30,2026-05-19 21:27:00,28.000000,27.000000,27.000000,27.289348
th-1_humidity,30,2026-05-19 22:00:00,29.000000,28.000000,27.466667,28.160921
th-1_humidity,30,2026-05-19 22:33:00,30.000000,29.000000,28.166667,29.125641
th-1_humidity,30,2026-05-19 23:06:00,31.000000,30.000000,29.966667,30.262438
th-1_humidity,30,2026-05-19 23:39:00,31.000000,31.000000,30.400000,31.037353
th-1_humidity,30,2026-05-20 00:12:00,31.000000,31.000000,31.000000,31.102546
th-1_humidity,30,2026-05-20 00:45:00,31.000000,31.000000,31.000000,31.200316
th-1_humidity,30,2026-05-20 01:18:00,31.000000,31.000000,31.000000,31.023556
th-1_humidity,30,2026-05-20 01:51:00,31.000000,31.000000,31.000000,31.008666
th-1_humidity,30,2026-05-20 02:24:00,31.000000,31.000000,31.000000,31.105748
th-1_humidity,30,2026-05-20 02:57:00,31.000000,31.000000,31.000000,31.001143
th-1_humidity,30,2026-05-20 03:30:00,31.000000,31.000000,30.400000,31.564508
th-1_humidity,30,2026-05-20 04:03:00,31.000000,31.000000,31.000000,31.794637
th-1_humidity,30,2026-05-20 04:36:00,31.000000,31.000000,31.000000,31.435324
th-1_humidity,30,2026-05-20 05:09:00,32.000000,32.000000,31.066667,32.241279
th-1_humidity,30,2026-05-20 05:42:00,32.000000,32.000000,32.000000,32.220968
th-1_humidity,30,2026-05-20 06:15:00,33.000000,32.000000,32.000000,32.319521
th-1_humidity,30,2026-05-20 06:48:00,33.000000,33.000000,32.566667,33.140275
th-1_humidity,30,2026-05-20 07:21:00,33.000000,33.000000,33.000000,33.157645
th-1_humidity,30,2026-05-20 07:54:00,34.000000,33.000000,33.000000,33.260783
th-1_humidity,30,2026-05-20 08:27:00,34.000000,34.000000,33.666667,34.239523
th-1_humidity,30,2026-05-20 09:00:00,34.000000,34.000000,34.000000,34.408125
th-1_humidity,30,2026-05-20 09:33:00,31.000000,34.000000,34.000000,33.261627
th-1_humidity,30,2026-05-20 10:06:00,31.000000,32.000000,32.066667,31.274628
th-1_humidity,30,2026-05-20 10:39:00,32.000000,31.000000,31.600000,30.385694
th-1_humidity,30,2026-05-20 11:12:00,35.000000,34.000000,31.266667,35.630522
th-1_humidity,30,2026-05-20 11:45:00,35.000000,35.000000,34.633333,35.770189
th-1_humidity,30,2026-05-20 12:18:00,33.000000,35.000000,35.000000,34.302652
th-1_humidity,30,2026-05-20 12:51:00,32.000000,32.000000,33.066667,32.001828
th-1_humidity,30,2026-05-20 13:24:00,36.000000,32.000000,32.533333,31.904705
th-1_humidity,30,2026-05-20 13:57:00,36.000000,35.000000,33.566667,36.685218
th-1_humidity,30,2026-05-20 14:30:00,36.000000,36.000000,35.933333,36.550559
th-1_humidity,30,2026-05-20 15:03:00,36.000000,36.000000,36.000000,35.852198
th-1_humidity,30,2026-05-20 15:36:00,36.000000,36.000000,36.000000,35.735662
th-1_humidity,30,2026-05-20 16:09:00,36.000000,36.000000,36.000000,35.734014
th-1_humidity,30,2026-05-20 16:42:00,36.000000,36.000000,36.000000,35.715308
th-1_humidity,30,2026-05-20 17:15:00,35.000000,35.000000,35.900000,34.791348
th-1_humidity,30,2026-05-20 17:48:00,35.000000,35.000000,35.033333,34.537999
th-1_humidity,30,2026-05-20 18:21:00,35.000000,35.000000,35.000000,34.532165
th-1_humidity,30,2026-05-20 18:54:00,33.000000,35.000000,35.000000,34.582950
th-1_humidity,30,2026-05-20 19:27:00,33.000000,33.000000,33.933333,31.894268
th-1_humidity,30,2026-05-20 20:00:00,33.000000,33.000000,33.000000,32.195399
th-1_humidity,30,2026-05-20 20:33:00,33.000000,33.000000,33.000000,32.830590
th-1_humidity,30,2026-05-20 21:06:00,33.000000,33.000000,33.000000,32.799238
th-1_humidity,30,2026-05-20 21:39:00,33.000000,33.000000,33.000000,32.791515
th-1_humidity,30,2026-05-20 22:12:00,32.000000,33.000000,33.000000,32.776224
th-1_humidity,30,2026-05-20 22:45:00,32.000000,32.000000,32.333333,31.783435
th-1_humidity,30,2026-05-20 23:18:00,32.000000,32.000000,32.000000,31.701421
th-1_humidity,30,2026-05-20 23:51:00,32.000000,32.000000,32.000000,31.807589
th-1_humidity,30,2026-05-21 00:24:00,32.000000,32.000000,32.000000,31.797460
th-1_humidity,30,2026-05-21 00:57:00,32.000000,32.000000,32.000000,31.759632
th-1_humidity,30,2026-05-21 01:30:00,32.000000,32.000000,32.000000,31.724362
th-1_humidity,30,2026-05-21 02:03:00,31.000000,32.000000,32.000000,31.744227
th-1_humidity,30,2026-05-21 02:36:00,31.000000,31.000000,31.333333,30.803618
th-1_humidity,30,2026-05-21 03:09:00,32.000000,31.000000,31.000000,30.693865
th-1_humidity,30,2026-05-21 03:42:00,33.000000,32.000000,31.500000,32.199865
th-1_humidity,30,2026-05-21 04:15:00,33.000000,33.000000,33.000000,33.266913
th-1_humidity,30,2026-05-21 04:48:00,33.000000,33.000000,33.000000,33.124078
th-1_humidity,30,2026-05-21 05:21:00,33.000000,33.000000,33.000000,33.060353
th-1_humidity,30,2026-05-21 05:54:00,33.000000,33.000000,33.000000,33.058203
th-1_humidity,30,2026-05-21 06:27:00,33.000000,33.000000,33.000000,33.007836
th-1_humidity,30,2026-05-21 07:00:00,33.000000,33.000000,33.000000,33.005190
th-1_humidity,30,2026-05-21 07:33:00,33.000000,33.000000,33.000000,33.001588
th-1_humidity,30,2026-05-21 08:06:00,33.000000,33.000000,33.000000,33.134099
th-1_humidity,30,2026-05-21 08:39:00,33.000000,33.000000,33.000000,33.020128
th-1_humidity,30,2026-05-21 09:12:00,32.000000,33.000000,33.000000,33.492978
th-1_humidity,30,2026-05-21 09:45:00,31.000000,32.000000,32.800000,31.563693
th-1_humidity,30,2026-05-21 10:18:00,31.000000,31.000000,31.566667,30.582971
th-1_humidity,30,2026-05-21 10:51:00,31.000000,31.000000,31.000000,30.637649
th-1_humidity,30,2026-05-21 11:24:00,31.000000,31.000000,31.000000,30.842085
th-1_humidity,30,2026-05-21 11:57:00,32.000000,31.000000,31.000000,30.848058
th-1_humidity,30,2026-05-21 12:30:00,32.000000,32.000000,31.566667,31.930531
th-1_humidity,30,2026-05-21 13:03:00,32.000000,32.000000,32.000000,32.003000
th-1_humidity,30,2026-05-21 13:36:00,32.000000,32.000000,32.000000,32.070605
th-1_humidity,30,2026-05-21 14:09:00,32.000000,32.000000,32.000000,32.091158
th-1_humidity,30,2026-05-21 14:42:00,32.000000,32.000000,32.000000,32.145259
th-1_humidity,30,2026-05-21 15:15:00,33.000000,32.000000,32.000000,32.169327
th-1_humidity,30,2026-05-21 15:48:00,33.000000,33.000000,32.633333,33.020687
th-1_humidity,30,2026-05-21 16:21:00,33.000000,33.000000,33.000000,33.034615
th-1_humidity,30,2026-05-21 16:54:00,33.000000,33.000000,33.000000,32.987808
th-1_humidity,30,2026-05-21 17:27:00,33.000000,33.000000,33.000000,32.952476
th-1_humidity,30,2026-05-21 18:00:00,33.000000,33.000000,33.000000,33.055422
th-1_humidity,30,2026-05-21 18:33:00,33.000000,33.000000,33.000000,32.875639
th-1_humidity,30,2026-05-21 19:06:00,33.000000,33.000000,33.000000,32.844064
th-1_humidity,30,2026-05-21 19:39:00,33.000000,33.000000,33.000000,32.783341
th-1_humidity,30,2026-05-21 20:12:00,33.000000,33.000000,33.000000,32.946544
th-1_humidity,30,2026-05-21 20:45:00,33.000000,33.000000,33.000000,32.878918
th-1_humidity,30,2026-05-21 21:18:00,33.000000,33.000000,33.000000,32.813682
th-1_humidity,30,2026-05-21 21:51:00,33.000000,33.000000,33.000000,32.927102
th-1_humidity,30,2026-05-21 22:24:00,33.000000,33.000000,33.000000,32.862752
th-1_humidity,30,2026-05-21 22:57:00,33.000000,33.000000,33.000000,32.951173
th-1_humidity,30,2026-05-21 23:30:00,33.000000,33.000000,33.000000,32.942545
th-1_humidity,30,2026-05-22 00:03:00,33.000000,33.000000,33.000000,32.959055
th-1_humidity,30,2026-05-22 00:36:00,33.000000,33.000000,33.000000,33.033807
th-1_humidity,30,2026-05-22 01:09:00,33.000000,33.000000,33.000000,32.990633
th-1_humidity,30,2026-05-22 01:42:00,33.000000,33.000000,33.000000,32.962839
th-1_humidity,30,2026-05-22 02:15:00,33.000000,33.000000,33.000000,32.988135
th-1_humidity,30,2026-05-22 02:48:00,33.000000,33.000000,33.000000,32.863684
th-1_humidity,30,2026-05-22 03:21:00,33.000000,33.000000,33.000000,32.936084
th-1_humidity,30,2026-05-22 03:54:00,35.000000,33.000000,33.000000,33.467375
th-1_humidity,30,2026-05-22 04:27:00,35.000000,35.000000,34.633333,35.302892
th-1_humidity,30,2026-05-22 05:00:00,35.000000,35.000000,35.000000,35.314253
th-1_humidity,30,2026-05-22 05:33:00,35.000000,35.000000,35.000000,35.162459
th-1_humidity,30,2026-05-22 06:06:00,35.000000,35.000000,35.000000,35.163042
th-1_humidity,30,2026-05-22 06:39:00,35.000000,35.000000,35.000000,35.153442
th-1_humidity,30,2026-05-22 07:12:00,35.000000,35.000000,35.000000,35.115567
th-1_humidity,30,2026-05-22 07:45:00,35.000000,35.000000,35.000000,35.153268
th-1_humidity,30,2026-05-22 08:18:00,35.000000,35.000000,35.000000,35.063203
th-1_humidity,30,2026-05-22 08:51:00,35.000000,35.000000,35.000000,35.111422
th-1_humidity,30,2026-05-22 09:24:00,34.000000,35.000000,35.433333,35.239792
th-1_humidity,30,2026-05-22 09:57:00,33.000000,33.000000,34.300000,32.786382
th-1_humidity,30,2026-05-22 10:30:00,33.000000,33.000000,33.000000,32.419742
th-1_humidity,30,2026-05-22 11:03:00,33.000000,33.000000,33.000000,32.965802
th-1_humidity,30,2026-05-22 11:36:00,34.000000,33.000000,33.033333,33.192948
th-1_humidity,30,2026-05-22 12:09:00,37.000000,34.000000,33.966667,34.153757
th-1_humidity,30,2026-05-22 12:42:00,37.000000,37.000000,36.733333,37.423252
th-1_humidity,30,2026-05-22 13:15:00,37.000000,37.000000,37.000000,36.917369
th-1_humidity,30,2026-05-22 13:48:00,37.000000,37.000000,37.000000,36.805295
th-1_humidity,30,2026-05-22 14:21:00,37.000000,37.000000,37.000000,36.660062
th-1_humidity,30,2026-05-22 14:54:00,36.000000,37.000000,36.900000,36.738487
th-1_humidity,30,2026-05-22 15:27:00,36.000000,36.000000,36.033333,35.471166
th-1_humidity,30,2026-05-22 16:00:00,36.000000,36.000000,36.000000,35.608042
th-1_humidity,30,2026-05-22 16:33:00,36.000000,35.000000,35.933333,34.916772
th-1_humidity,30,2026-05-22 17:06:00,36.000000,36.000000,35.666667,35.720127
th-1_humidity,30,2026-05-22 17:39:00,36.000000,36.000000,36.000000,35.709435
th-1_humidity,30,2026-05-22 18:12:00,36.000000,36.000000,36.000000,35.757338
th-1_humidity,30,2026-05-22 18:45:00,34.000000,34.000000,35.866667,33.223521
th-1_humidity,30,2026-05-22 19:18:00,33.000000,33.000000,33.866667,32.615746
th-1_humidity,30,2026-05-22 19:51:00,33.000000,33.000000,33.000000,32.884651
th-1_humidity,30,2026-05-22 20:24:00,33.000000,33.000000,33.000000,33.058138
th-1_humidity,30,2026-05-22 20:57:00,33.000000,33.000000,33.000000,33.033393
th-1_humidity,30,2026-05-22 21:30:00,33.000000,33.000000,33.000000,33.128501
th-1_humidity,30,2026-05-22 22:03:00,33.000000,33.000000,33.000000,33.047566
th-1_humidity,30,2026-05-22 22:36:00,33.000000,33.000000,33.000000,33.132146
th-1_humidity,30,2026-05-22 23:09:00,33.000000,33.000000,33.000000,33.008629
th-1_humidity,30,2026-05-22 23:42:00,33.000000,33.000000,33.000000,32.999475
th-1_humidity,30,2026-05-23 00:15:00,33.000000,33.000000,33.000000,33.089584
th-1_humidity,30,2026-05-23 00:48:00,33.000000,33.000000,33.000000,33.137037
th-1_humidity,30,2026-05-23 01:21:00,33.000000,33.000000,33.000000,33.108270
th-1_humidity,30,2026-05-23 01:54:00,34.000000,33.000000,33.000000,33.097116
th-1_humidity,30,2026-05-23 02:27:00,33.000000,33.000000,33.066667,33.090116
th-1_humidity,30,2026-05-23 03:00:00,34.000000,33.000000,33.000000,33.131396
th-1_humidity,30,2026-05-23 03:33:00,34.000000,34.000000,33.500000,34.237600
th-1_humidity,30,2026-05-23 04:06:00,34.000000,34.000000,34.000000,34.423510
th-1_humidity,30,2026-05-23 04:39:00,34.000000,34.000000,34.000000,34.267531
th-1_humidity,30,2026-05-23 05:12:00,34.000000,34.000000,34.000000,34.190141
th-1_humidity,30,2026-05-23 05:45:00,34.000000,34.000000,34.000000,34.160173
th-1_humidity,30,2026-05-23 06:18:00,34.000000,34.000000,34.000000,34.189188
th-1_humidity,30,2026-05-23 06:51:00,34.000000,34.000000,34.000000,34.113997
th-1_humidity,30,2026-05-23 07:24:00,34.000000,34.000000,34.000000,34.203363
th-1_humidity,30,2026-05-23 07:57:00,34.000000,34.000000,34.000000,34.191384
th-1_humidity,30,2026-05-23 08:30:00,34.000000,34.000000,34.000000,34.047386
th-1_humidity,30,2026-05-23 09:03:00,34.000000,34.000000,34.000000,34.092960
th-1_humidity,30,2026-05-23 09:36:00,34.000000,34.000000,34.100000,33.667335
th-1_humidity,30,2026-05-23 10:09:00,34.000000,34.000000,34.000000,33.668703
th-1_humidity,30,2026-05-23 10:42:00,34.000000,34.000000,34.000000,33.854127
th-1_humidity,30,2026-05-23 11:15:00,34.000000,34.000000,34.000000,34.042147
th-1_humidity,30,2026-05-23 11:48:00,34.000000,34.000000,34.000000,33.959655
th-1_humidity,30,2026-05-23 12:21:00,34.000000,34.000000,34.000000,33.990845
th-1_humidity,30,2026-05-23 12:54:00,34.000000,34.000000,34.000000,33.897432
th-1_humidity,30,2026-05-23 13:27:00,34.000000,34.000000,34.000000,33.839836
th-1_humidity,30,2026-05-23 14:00:00,34.000000,34.000000,34.000000,33.882133
th-1_humidity,30,2026-05-23 14:33:00,33.000000,34.000000,34.000000,33.937822
th-1_humidity,30,2026-05-23 15:06:00,33.000000,33.000000,33.766667,33.298068
th-1_humidity,30,2026-05-23 15:39:00,33.000000,33.000000,33.000000,33.080560
th-1_humidity,30,2026-05-23 16:12:00,33.000000,33.000000,33.000000,32.924694
th-1_humidity,30,2026-05-23 16:45:00,33.000000,33.000000,33.000000,32.855510
th-1_humidity,30,2026-05-23 17:18:00,33.000000,33.000000,33.000000,32.803620
th-1_humidity,30,2026-05-23 17:51:00,32.000000,33.000000,33.000000,32.777052
th-1_humidity,30,2026-05-23 18:24:00,31.000000,32.000000,31.966667,31.715469
th-1_humidity,30,2026-05-23 18:57:00,32.000000,31.000000,31.233333,31.044083
th-1_humidity,30,2026-05-23 19:30:00,31.000000,31.000000,31.166667,30.944785
th-1_humidity,30,2026-05-23 20:03:00,31.000000,31.000000,31.000000,30.955106
th-1_humidity,30,2026-05-23 20:36:00,30.000000,30.000000,30.666667,30.191909
th-1_humidity,30,2026-05-23 21:09:00,30.000000,30.000000,30.066667,29.944549
th-1_humidity,30,2026-05-23 21:42:00,30.000000,30.000000,30.133333,29.988479
th-1_humidity,30,2026-05-23 22:15:00,31.000000,31.000000,30.200000,30.620346
th-1_humidity,30,2026-05-23 22:48:00,31.000000,31.000000,30.766667,30.858242
th-1_humidity,30,2026-05-23 23:21:00,31.000000,31.000000,31.000000,30.766152
th-1_humidity,30,2026-05-23 23:54:00,31.000000,31.000000,30.966667,30.933994
th-1_humidity,30,2026-05-24 00:27:00,31.000000,31.000000,31.000000,30.883653
th-1_humidity,30,2026-05-24 01:00:00,31.000000,31.000000,31.000000,30.906419
th-1_humidity,30,2026-05-24 01:33:00,30.000000,30.000000,30.666667,30.095268
th-1_humidity,30,2026-05-24 02:06:00,30.000000,30.000000,30.000000,29.928773
th-1_humidity,30,2026-05-24 02:39:00,30.000000,30.000000,30.000000,30.060532
th-1_humidity,30,2026-05-24 03:12:00,30.000000,30.000000,30.000000,30.130411
th-1_humidity,30,2026-05-24 03:45:00,31.000000,30.000000,30.000000,30.259496
th-1_humidity,30,2026-05-24 04:18:00,31.000000,31.000000,31.000000,31.359736
th-1_humidity,30,2026-05-24 04:51:00,31.000000,31.000000,31.000000,31.206882
th-1_humidity,30,2026-05-24 05:24:00,31.000000,31.000000,31.000000,31.137027
th-1_humidity,30,2026-05-24 05:57:00,31.000000,31.000000,31.000000,31.230531
th-1_humidity,30,2026-05-24 06:30:00,31.000000,31.000000,31.000000,31.223365
th-1_humidity,30,2026-05-24 07:03:00,32.000000,31.000000,31.000000,31.268469
th-1_humidity,30,2026-05-24 07:36:00,32.000000,32.000000,31.466667,32.092910
th-1_humidity,30,2026-05-24 08:09:00,32.000000,32.000000,32.000000,32.188089
th-1_humidity,30,2026-05-24 08:42:00,32.000000,32.000000,32.000000,32.188708
th-1_humidity,30,2026-05-24 09:15:00,32.000000,32.000000,32.000000,32.123215
th-1_humidity,30,2026-05-24 09:48:00,32.000000,32.000000,32.000000,31.731752
th-1_humidity,30,2026-05-24 10:21:00,32.000000,32.000000,32.000000,31.803516
th-1_humidity,30,2026-05-24 10:54:00,32.000000,32.000000,32.000000,31.972440
th-1_humidity,30,2026-05-24 11:27:00,32.000000,32.000000,32.000000,31.927452
th-1_humidity,30,2026-05-24 12:00:00,32.000000,32.000000,32.000000,31.974685
th-1_humidity,30,2026-05-24 12:33:00,32.000000,32.000000,32.000000,32.174506
th-1_humidity,30,2026-05-24 13:06:00,33.000000,32.000000,32.000000,32.103302
th-1_humidity,30,2026-05-24 13:39:00,33.000000,32.000000,32.166667,32.206215
th-1_humidity,30,2026-05-24 14:12:00,33.000000,33.000000,32.866667,32.907932
th-1_humidity,30,2026-05-24 14:45:00,32.000000,33.000000,33.000000,32.879126
th-1_humidity,30,2026-05-24 15:18:00,32.000000,32.000000,32.433333,31.890659
th-1_humidity,30,2026-05-24 15:51:00,32.000000,32.000000,32.000000,31.837107
th-1_humidity,30,2026-05-24 16:24:00,31.000000,32.000000,32.000000,31.703455
th-1_humidity,30,2026-05-24 16:57:00,31.000000,31.000000,31.300000,30.704167
th-1_humidity,30,2026-05-24 17:30:00,30.000000,31.000000,31.000000,30.775819
th-1_humidity,30,2026-05-24 18:03:00,30.000000,30.000000,30.066667,29.841450
th-1_humidity,30,2026-05-24 18:36:00,30.000000,30.000000,30.000000,29.855435
th-1_humidity,30,2026-05-24 19:09:00,29.000000,29.000000,29.300000,28.979137
th-1_humidity,30,2026-05-24 19:42:00,29.000000,29.000000,29.033333,28.893052
th-1_humidity,30,2026-05-24 20:15:00,29.000000,29.000000,29.000000,28.877847
th-1_humidity,30,2026-05-24 20:48:00,29.000000,29.000000,29.000000,28.940877
th-1_humidity,30,2026-05-24 21:21:00,29.000000,29.000000,29.000000,28.914275
th-1_humidity,30,2026-05-24 21:54:00,29.000000,29.000000,29.000000,28.958332
th-1_humidity,30,2026-05-24 22:27:00,29.000000,29.000000,29.000000,28.947568
th-1_humidity,30,2026-05-24 23:00:00,29.000000,29.000000,29.000000,29.034520
th-1_humidity,30,2026-05-24 23:33:00,29.000000,29.000000,29.000000,29.021398
th-1_humidity,30,2026-05-25 00:06:00,29.000000,29.000000,29.000000,28.891315
th-1_humidity,30,2026-05-25 00:39:00,29.000000,29.000000,29.000000,29.009659
th-1_humidity,30,2026-05-25 01:12:00,29.000000,29.000000,29.000000,28.983582
th-1_humidity,30,2026-05-25 01:45:00,29.000000,29.000000,29.000000,28.844245
th-1_humidity,30,2026-05-25 02:18:00,28.000000,28.000000,28.933333,28.332524
th-1_humidity,30,2026-05-25 02:51:00,28.000000,28.000000,28.000000,27.971654
th-1_humidity,30,2026-05-25 03:24:00,28.000000,28.000000,28.000000,28.189062
th-1_humidity,30,2026-05-25 03:57:00,29.000000,28.000000,28.000000,28.416419
th-1_humidity,30,2026-05-25 04:30:00,29.000000,29.000000,29.000000,29.313276
th-1_humidity,30,2026-05-25 05:03:00,29.000000,29.000000,29.000000,28.941100
th-1_humidity,30,2026-05-25 05:36:00,28.000000,28.000000,28.866667,28.428860
th-1_humidity,30,2026-05-25 06:09:00,29.000000,29.000000,28.500000,28.870286
th-1_humidity,30,2026-05-25 06:42:00,29.000000,29.000000,28.600000,29.212667
th-1_humidity,30,2026-05-25 07:15:00,29.000000,29.000000,29.000000,29.189362
th-1_humidity,30,2026-05-25 07:48:00,29.000000,29.000000,29.000000,29.179003
th-1_humidity,30,2026-05-25 08:21:00,29.000000,29.000000,29.000000,29.197707
th-1_humidity,30,2026-05-25 08:54:00,29.000000,29.000000,29.000000,29.048382
th-1_humidity,30,2026-05-25 09:27:00,28.000000,29.000000,29.000000,28.662162
th-1_humidity,30,2026-05-25 10:00:00,27.000000,28.000000,28.233333,27.622428
th-1_humidity,30,2026-05-25 10:33:00,26.000000,27.000000,27.166667,26.577204
th-1_humidity,30,2026-05-25 11:06:00,26.000000,25.000000,25.966667,25.034358
th-1_humidity,30,2026-05-25 11:39:00,24.000000,26.000000,25.366667,26.837401
th-1_humidity,30,2026-05-25 12:12:00,23.000000,23.000000,24.433333,22.999931
th-1_humidity,30,2026-05-25 12:45:00,24.000000,23.000000,22.633333,22.867770
th-1_humidity,30,2026-05-25 13:18:00,23.000000,24.000000,23.333333,23.798249
th-1_humidity,30,2026-05-25 13:51:00,23.000000,22.000000,22.966667,21.974310
th-1_humidity,30,2026-05-25 14:24:00,23.000000,23.000000,22.200000,22.834762
th-1_humidity,30,2026-05-25 14:57:00,23.000000,23.000000,22.966667,22.737516
th-1_humidity,30,2026-05-25 15:30:00,21.000000,23.000000,22.600000,22.921036
th-1_humidity,30,2026-05-25 16:03:00,22.000000,21.000000,21.700000,21.116285
th-1_humidity,30,2026-05-25 16:36:00,21.000000,22.000000,22.266667,21.656122
th-1_humidity,30,2026-05-25 17:09:00,22.000000,22.000000,21.266667,21.890479
th-1_humidity,30,2026-05-25 17:42:00,22.000000,22.000000,22.000000,22.061646
th-1_humidity,30,2026-05-25 18:15:00,21.000000,22.000000,21.966667,21.829376
th-1_humidity,30,2026-05-25 18:48:00,21.000000,21.000000,21.066667,20.891460
th-1_humidity,30,2026-05-25 19:21:00,22.000000,21.000000,21.066667,21.033669
th-1_humidity,30,2026-05-25 19:54:00,23.000000,22.000000,22.000000,21.997299
th-1_humidity,30,2026-05-25 20:27:00,23.000000,23.000000,22.733333,23.169314
th-1_humidity,30,2026-05-25 21:00:00,24.000000,23.000000,23.000000,23.068336
th-1_humidity,30,2026-05-25 21:33:00,25.000000,24.000000,23.666667,24.129447
th-1_humidity,30,2026-05-25 22:06:00,25.000000,25.000000,24.366667,24.992732
th-1_humidity,30,2026-05-25 22:39:00,25.000000,25.000000,25.000000,25.136237
th-1_humidity,30,2026-05-25 23:12:00,25.000000,26.000000,25.233333,25.802741
th-1_humidity,30,2026-05-25 23:45:00,25.000000,25.000000,25.066667,25.058384
th-1_humidity,30,2026-05-26 00:18:00,25.000000,25.000000,25.000000,24.799030
th-1_humidity,30,2026-05-26 00:51:00,25.000000,25.000000,25.000000,24.939266
th-1_humidity,30,2026-05-26 01:24:00,24.000000,25.000000,25.000000,24.895345
th-1_humidity,30,2026-05-26 01:57:00,24.000000,24.000000,24.466667,23.786352
th-1_humidity,30,2026-05-26 02:30:00,24.000000,24.000000,24.000000,23.898199
th-1_humidity,30,2026-05-26 03:03:00,23.000000,23.000000,23.866667,22.988579
th-1_humidity,30,2026-05-26 03:36:00,22.000000,23.000000,23.033333,22.802485
th-1_humidity,30,2026-05-26 04:09:00,22.000000,22.000000,22.200000,22.022630
th-1_humidity,30,2026-05-26 04:42:00,23.000000,22.000000,22.000000,22.108306
th-1_humidity,30,2026-05-26 05:15:00,23.000000,23.000000,22.333333,23.062464
th-1_humidity,30,2026-05-26 05:48:00,23.000000,23.000000,23.000000,23.035741
th-1_humidity,30,2026-05-26 06:21:00,22.000000,23.000000,23.000000,22.970806
th-1_humidity,30,2026-05-26 06:54:00,22.000000,23.000000,22.833333,22.768406
th-1_humidity,30,2026-05-26 07:27:00,23.000000,22.000000,22.100000,22.153911
th-1_humidity,30,2026-05-26 08:00:00,23.000000,23.000000,22.600000,23.057114
th-1_humidity,30,2026-05-26 08:33:00,23.000000,23.000000,23.000000,23.138607
th-1_humidity,30,2026-05-26 09:06:00,23.000000,23.000000,23.000000,23.113993
th-1_humidity,30,2026-05-26 09:39:00,23.000000,23.000000,23.000000,22.773582
th-1_humidity,30,2026-05-26 10:12:00,23.000000,23.000000,23.000000,22.944593
th-1_humidity,30,2026-05-26 10:45:00,23.000000,23.000000,23.000000,22.992896
th-1_humidity,30,2026-05-26 11:18:00,23.000000,23.000000,23.000000,22.951164
th-1_humidity,30,2026-05-26 11:51:00,23.000000,23.000000,23.000000,22.835731
th-1_humidity,30,2026-05-26 12:24:00,22.000000,23.000000,23.000000,22.907505
th-1_humidity,30,2026-05-26 12:57:00,22.000000,22.000000,22.833333,21.785684
th-1_humidity,30,2026-05-26 13:30:00,22.000000,22.000000,22.100000,21.664931
th-1_humidity,30,2026-05-26 14:03:00,22.000000,22.000000,22.000000,21.647843
th-1_humidity,30,2026-05-26 14:36:00,22.000000,22.000000,22.000000,21.894622
th-1_humidity,30,2026-05-26 15:09:00,22.000000,22.000000,22.000000,21.705234
th-1_humidity,30,2026-05-26 15:42:00,22.000000,22.000000,21.866667,21.884737
th-1_humidity,30,2026-05-26 16:15:00,22.000000,22.000000,22.000000,21.881689
th-1_humidity,30,2026-05-26 16:48:00,22.000000,22.000000,22.000000,21.819639
th-1_humidity,30,2026-05-26 17:21:00,22.000000,22.000000,22.000000,21.773614
th-1_humidity,30,2026-05-26 17:54:00,22.000000,22.000000,22.100000,22.016526
th-1_humidity,30,2026-05-26 18:27:00,22.000000,22.000000,22.000000,21.732021
th-1_humidity,30,2026-05-26 19:00:00,23.000000,22.000000,22.000000,21.947537
th-1_humidity,30,2026-05-26 19:33:00,23.000000,23.000000,22.666667,23.161107
th-1_humidity,30,2026-05-26 20:06:00,24.000000,23.000000,23.000000,23.088366
th-1_humidity,30,2026-05-26 20:39:00,24.000000,24.000000,23.666667,24.060609
th-1_humidity,30,2026-05-26 21:12:00,25.000000,24.000000,24.000000,24.276866
th-1_humidity,30,2026-05-26 21:45:00,25.000000,25.000000,24.966667,25.125498
co2-1_co2,10,2026-05-15 09:40:00,332.000000,336.000000,333.700000,336.092683
co2-1_co2,10,2026-05-15 10:13:00,345.000000,344.000000,337.866667,340.557857
co2-1_co2,10,2026-05-15 10:46:00,370.000000,351.000000,347.500000,350.791791
co2-1_co2,10,2026-05-15 11:19:00,369.000000,370.000000,367.933333,369.274435
co2-1_co2,10,2026-05-15 11:52:00,371.000000,375.000000,370.966667,373.954983
co2-1_co2,10,2026-05-15 12:25:00,382.000000,382.000000,377.466667,379.531480
co2-1_co2,10,2026-05-15 12:58:00,389.000000,386.000000,383.700000,386.221937
co2-1_co2,10,2026-05-15 13:31:00,411.000000,408.000000,396.366667,401.565032
co2-1_co2,10,2026-05-15 14:04:00,417.000000,423.000000,418.700000,419.903343
co2-1_co2,10,2026-05-15 14:37:00,440.000000,432.000000,424.733333,428.373867
co2-1_co2,10,2026-05-15 15:10:00,453.000000,443.000000,436.933333,439.949583
co2-1_co2,10,2026-05-15 15:43:00,459.000000,468.000000,457.266667,461.964943
co2-1_co2,10,2026-05-15 16:16:00,452.000000,460.000000,459.633333,458.408763
co2-1_co2,10,2026-05-15 16:49:00,454.000000,449.000000,453.666667,449.433655
co2-1_co2,10,2026-05-15 17:22:00,459.000000,456.000000,455.000000,452.650949
co2-1_co2,10,2026-05-15 17:55:00,460.000000,459.000000,456.866667,456.424748
co2-1_co2,10,2026-05-15 18:28:00,450.000000,457.000000,456.300000,454.108609
co2-1_co2,10,2026-05-15 19:01:00,457.000000,453.000000,453.333333,449.848030
co2-1_co2,10,2026-05-15 19:34:00,458.000000,459.000000,455.700000,454.568600
co2-1_co2,10,2026-05-15 20:07:00,441.000000,439.000000,448.433333,440.402720
co2-1_co2,10,2026-05-15 20:40:00,429.000000,434.000000,436.233333,432.696183
co2-1_co2,10,2026-05-15 21:13:00,415.000000,420.000000,428.266667,420.514808
co2-1_co2,10,2026-05-15 21:46:00,395.000000,406.000000,409.866667,405.343122
co2-1_co2,10,2026-05-15 22:19:00,383.000000,402.000000,398.333333,397.680597
co2-1_co2,10,2026-05-15 22:52:00,389.000000,389.000000,386.833333,386.679217
co2-1_co2,10,2026-05-15 23:25:00,376.000000,372.000000,381.500000,372.503453
co2-1_co2,10,2026-05-15 23:58:00,373.000000,375.000000,373.600000,372.403243
co2-1_co2,10,2026-05-16 00:31:00,363.000000,369.000000,367.866667,365.859323
co2-1_co2,10,2026-05-16 01:04:00,357.000000,368.000000,365.500000,364.390941
co2-1_co2,10,2026-05-16 01:37:00,357.000000,356.000000,357.400000,354.088477
co2-1_co2,10,2026-05-16 02:10:00,344.000000,346.000000,354.233333,347.340145
co2-1_co2,10,2026-05-16 02:43:00,341.000000,333.000000,338.033333,334.713808
co2-1_co2,10,2026-05-16 03:16:00,326.000000,328.000000,332.633333,330.196361
co2-1_co2,10,2026-05-16 03:49:00,328.000000,326.000000,328.766667,327.400820
co2-1_co2,10,2026-05-16 04:22:00,330.000000,328.000000,330.200000,327.781743
co2-1_co2,10,2026-05-16 04:55:00,322.000000,326.000000,324.100000,324.688093
co2-1_co2,10,2026-05-16 05:28:00,329.000000,325.000000,323.766667,323.541435
co2-1_co2,10,2026-05-16 06:01:00,326.000000,323.000000,327.166667,324.735363
co2-1_co2,10,2026-05-16 06:34:00,324.000000,328.000000,324.700000,326.740013
co2-1_co2,10,2026-05-16 07:07:00,326.000000,324.000000,323.166667,323.475989
co2-1_co2,10,2026-05-16 07:40:00,329.000000,325.000000,325.866667,325.177945
co2-1_co2,10,2026-05-16 08:13:00,319.000000,321.000000,325.033333,323.814895
co2-1_co2,10,2026-05-16 08:46:00,318.000000,321.000000,320.966667,322.317366
co2-1_co2,10,2026-05-16 09:19:00,321.000000,319.000000,318.733333,320.603306
co2-1_co2,10,2026-05-16 09:52:00,312.000000,318.000000,318.700000,317.726192
co2-1_co2,10,2026-05-16 10:25:00,314.000000,319.000000,315.733333,318.242573
co2-1_co2,10,2026-05-16 10:58:00,316.000000,316.000000,315.700000,317.124263
co2-1_co2,10,2026-05-16 11:31:00,319.000000,321.000000,316.366667,320.405041
co2-1_co2,10,2026-05-16 12:04:00,320.000000,322.000000,318.933333,321.724822
co2-1_co2,10,2026-05-16 12:37:00,313.000000,314.000000,318.166667,317.819146
co2-1_co2,10,2026-05-16 13:10:00,316.000000,320.000000,315.266667,319.104341
co2-1_co2,10,2026-05-16 13:43:00,309.000000,316.000000,316.066667,317.366676
co2-1_co2,10,2026-05-16 14:16:00,318.000000,315.000000,314.000000,316.040476
co2-1_co2,10,2026-05-16 14:49:00,312.000000,321.000000,314.933333,318.882000
co2-1_co2,10,2026-05-16 15:22:00,315.000000,309.000000,310.000000,310.031745
co2-1_co2,10,2026-05-16 15:55:00,309.000000,316.000000,312.066667,313.875813
co2-1_co2,10,2026-05-16 16:28:00,306.000000,309.000000,307.600000,308.846964
co2-1_co2,10,2026-05-16 17:01:00,309.000000,308.000000,310.800000,308.988987
co2-1_co2,10,2026-05-16 17:34:00,307.000000,310.000000,309.633333,309.851840
co2-1_co2,10,2026-05-16 18:07:00,309.000000,312.000000,309.533333,310.795923
co2-1_co2,10,2026-05-16 18:40:00,304.000000,307.000000,310.133333,306.953116
co2-1_co2,10,2026-05-16 19:13:00,307.000000,301.000000,302.200000,300.395433
co2-1_co2,10,2026-05-16 19:46:00,306.000000,302.000000,303.500000,301.101586
co2-1_co2,10,2026-05-16 20:19:00,306.000000,306.000000,301.733333,302.769587
co2-1_co2,10,2026-05-16 20:52:00,296.000000,298.000000,303.100000,297.749646
co2-1_co2,10,2026-05-16 21:25:00,300.000000,307.000000,298.466667,302.406817
co2-1_co2,10,2026-05-16 21:58:00,296.000000,292.000000,299.366667,292.716904
co2-1_co2,10,2026-05-16 22:31:00,302.000000,302.000000,296.066667,297.419196
co2-1_co2,10,2026-05-16 23:04:00,296.000000,297.000000,299.666667,296.179347
co2-1_co2,10,2026-05-16 23:37:00,298.000000,297.000000,298.733333,296.170775
co2-1_co2,10,2026-05-17 00:10:00,297.000000,302.000000,298.866667,298.223329
co2-1_co2,10,2026-05-17 00:43:00,292.000000,301.000000,299.166667,299.482347
co2-1_co2,10,2026-05-17 01:16:00,292.000000,292.000000,294.466667,291.324872
co2-1_co2,10,2026-05-17 01:49:00,302.000000,302.000000,295.400000,297.065745
co2-1_co2,10,2026-05-17 02:22:00,299.000000,293.000000,296.733333,292.993752
co2-1_co2,10,2026-05-17 02:55:00,299.000000,298.000000,298.200000,297.435031
co2-1_co2,10,2026-05-17 03:28:00,294.000000,293.000000,294.166667,294.325130
co2-1_co2,10,2026-05-17 04:01:00,295.000000,298.000000,295.833333,297.941226
co2-1_co2,10,2026-05-17 04:34:00,300.000000,302.000000,297.500000,299.837134
co2-1_co2,10,2026-05-17 05:07:00,298.000000,296.000000,297.233333,296.667741
co2-1_co2,10,2026-05-17 05:40:00,298.000000,305.000000,295.333333,301.636298
co2-1_co2,10,2026-05-17 06:13:00,296.000000,293.000000,298.266667,295.822755
co2-1_co2,10,2026-05-17 06:46:00,299.000000,301.000000,296.700000,300.398469
co2-1_co2,10,2026-05-17 07:19:00,296.000000,291.000000,298.300000,294.389955
co2-1_co2,10,2026-05-17 07:52:00,292.000000,296.000000,295.566667,297.175083
co2-1_co2,10,2026-05-17 08:25:00,291.000000,297.000000,294.166667,297.206284
co2-1_co2,10,2026-05-17 08:58:00,299.000000,294.000000,293.366667,296.009279
co2-1_co2,10,2026-05-17 09:31:00,305.000000,301.000000,297.366667,298.756040
co2-1_co2,10,2026-05-17 10:04:00,298.000000,299.000000,299.700000,298.761650
co2-1_co2,10,2026-05-17 10:37:00,300.000000,301.000000,298.266667,300.890408
co2-1_co2,10,2026-05-17 11:10:00,304.000000,304.000000,300.766667,303.504515
co2-1_co2,10,2026-05-17 11:43:00,310.000000,307.000000,305.600000,308.592693
co2-1_co2,10,2026-05-17 12:16:00,310.000000,305.000000,307.800000,307.329452
co2-1_co2,10,2026-05-17 12:49:00,318.000000,314.000000,311.633333,314.350991
co2-1_co2,10,2026-05-17 13:22:00,319.000000,313.000000,312.600000,313.660611
co2-1_co2,10,2026-05-17 13:55:00,310.000000,318.000000,320.200000,318.367935
co2-1_co2,10,2026-05-17 14:28:00,314.000000,320.000000,314.100000,318.443499
co2-1_co2,10,2026-05-17 15:01:00,311.000000,312.000000,315.500000,313.332741
co2-1_co2,10,2026-05-17 15:34:00,313.000000,317.000000,314.200000,316.139944
co2-1_co2,10,2026-05-17 16:07:00,312.000000,317.000000,316.166667,316.047445
co2-1_co2,10,2026-05-17 16:40:00,316.000000,325.000000,319.133333,322.051302
co2-1_co2,10,2026-05-17 17:13:00,320.000000,316.000000,317.833333,316.881821
co2-1_co2,10,2026-05-17 17:46:00,322.000000,323.000000,319.800000,321.151873
co2-1_co2,10,2026-05-17 18:19:00,318.000000,317.000000,318.700000,317.262598
co2-1_co2,10,2026-05-17 18:52:00,320.000000,315.000000,317.500000,314.405919
co2-1_co2,10,2026-05-17 19:25:00,320.000000,322.000000,319.366667,319.611456
co2-1_co2,10,2026-05-17 19:58:00,316.000000,319.000000,319.966667,317.652178
co2-1_co2,10,2026-05-17 20:31:00,317.000000,323.000000,320.366667,319.737630
co2-1_co2,10,2026-05-17 21:04:00,321.000000,327.000000,323.233333,323.541887
co2-1_co2,10,2026-05-17 21:37:00,317.000000,325.000000,322.733333,322.314186
co2-1_co2,10,2026-05-17 22:10:00,322.000000,325.000000,321.600000,321.370322
co2-1_co2,10,2026-05-17 22:43:00,323.000000,326.000000,323.200000,321.865818
co2-1_co2,10,2026-05-17 23:16:00,322.000000,320.000000,320.666667,317.188065
co2-1_co2,10,2026-05-17 23:49:00,319.000000,321.000000,323.100000,319.451851
co2-1_co2,10,2026-05-18 00:22:00,326.000000,328.000000,321.600000,323.161126
co2-1_co2,10,2026-05-18 00:55:00,326.000000,326.000000,325.433333,323.664127
co2-1_co2,10,2026-05-18 01:28:00,323.000000,326.000000,326.033333,324.307759
co2-1_co2,10,2026-05-18 02:01:00,319.000000,320.000000,320.600000,318.513760
co2-1_co2,10,2026-05-18 02:34:00,320.000000,314.000000,316.000000,313.825930
co2-1_co2,10,2026-05-18 03:07:00,322.000000,323.000000,321.466667,321.564471
co2-1_co2,10,2026-05-18 03:40:00,316.000000,318.000000,318.100000,318.704558
co2-1_co2,10,2026-05-18 04:13:00,318.000000,315.000000,316.933333,315.941734
co2-1_co2,10,2026-05-18 04:46:00,319.000000,319.000000,320.333333,319.174400
co2-1_co2,10,2026-05-18 05:19:00,318.000000,319.000000,319.733333,319.639367
co2-1_co2,10,2026-05-18 05:52:00,311.000000,318.000000,318.566667,318.656782
co2-1_co2,10,2026-05-18 06:25:00,322.000000,326.000000,318.166667,323.590862
co2-1_co2,10,2026-05-18 06:58:00,321.000000,326.000000,323.533333,326.255593
co2-1_co2,10,2026-05-18 07:31:00,323.000000,326.000000,322.600000,326.038426
co2-1_co2,10,2026-05-18 08:04:00,317.000000,316.000000,320.700000,319.206586
co2-1_co2,10,2026-05-18 08:37:00,324.000000,324.000000,315.800000,322.336178
co2-1_co2,10,2026-05-18 09:10:00,314.000000,313.000000,320.066667,316.103509
co2-1_co2,10,2026-05-18 09:43:00,316.000000,317.000000,316.166667,317.943034
co2-1_co2,10,2026-05-18 10:16:00,331.000000,322.000000,322.500000,321.250759
co2-1_co2,10,2026-05-18 10:49:00,391.000000,353.000000,335.233333,345.683577
co2-1_co2,10,2026-05-18 11:22:00,448.000000,437.000000,407.566667,422.065382
co2-1_co2,10,2026-05-18 11:55:00,476.000000,460.000000,453.433333,457.277531
co2-1_co2,10,2026-05-18 12:28:00,600.000000,490.000000,475.766667,480.964471
co2-1_co2,10,2026-05-18 13:01:00,468.000000,489.000000,541.366667,501.530554
co2-1_co2,10,2026-05-18 13:34:00,431.000000,440.000000,467.466667,458.232449
co2-1_co2,10,2026-05-18 14:07:00,430.000000,425.000000,429.533333,427.279991
co2-1_co2,10,2026-05-18 14:40:00,430.000000,431.000000,424.000000,426.924611
co2-1_co2,10,2026-05-18 15:13:00,469.000000,461.000000,446.800000,451.636543
co2-1_co2,10,2026-05-18 15:46:00,456.000000,464.000000,469.200000,465.273452
co2-1_co2,10,2026-05-18 16:19:00,454.000000,457.000000,458.800000,456.118631
co2-1_co2,10,2026-05-18 16:52:00,464.000000,459.000000,455.433333,454.498554
co2-1_co2,10,2026-05-18 17:25:00,477.000000,469.000000,463.566667,464.019547
co2-1_co2,10,2026-05-18 17:58:00,478.000000,471.000000,472.700000,469.247591
co2-1_co2,10,2026-05-18 18:31:00,516.000000,496.000000,484.933333,487.515445
co2-1_co2,10,2026-05-18 19:04:00,456.000000,444.000000,504.533333,463.732220
co2-1_co2,10,2026-05-18 19:37:00,473.000000,412.000000,444.633333,425.308904
co2-1_co2,10,2026-05-18 20:10:00,413.000000,427.000000,460.633333,436.116672
co2-1_co2,10,2026-05-18 20:43:00,392.000000,388.000000,403.100000,399.592454
co2-1_co2,10,2026-05-18 21:16:00,414.000000,408.000000,396.533333,400.648440
co2-1_co2,10,2026-05-18 21:49:00,404.000000,403.000000,402.700000,398.270440
co2-1_co2,10,2026-05-18 22:22:00,397.000000,404.000000,400.300000,398.597499
co2-1_co2,10,2026-05-18 22:55:00,392.000000,392.000000,397.533333,390.452429
co2-1_co2,10,2026-05-18 23:28:00,373.000000,383.000000,384.566667,380.784924
co2-1_co2,10,2026-05-19 00:01:00,366.000000,360.000000,370.866667,363.140052
co2-1_co2,10,2026-05-19 00:34:00,358.000000,362.000000,365.233333,360.630437
co2-1_co2,10,2026-05-19 01:07:00,360.000000,362.000000,358.066667,358.983014
co2-1_co2,10,2026-05-19 01:40:00,348.000000,356.000000,358.233333,355.152763
co2-1_co2,10,2026-05-19 02:13:00,344.000000,349.000000,351.000000,348.131656
co2-1_co2,10,2026-05-19 02:46:00,352.000000,346.000000,347.766667,345.562927
co2-1_co2,10,2026-05-19 03:19:00,350.000000,346.000000,348.733333,346.332709
co2-1_co2,10,2026-05-19 03:52:00,357.000000,353.000000,350.433333,352.696608
co2-1_co2,10,2026-05-19 04:25:00,354.000000,357.000000,354.566667,356.200270
co2-1_co2,10,2026-05-19 04:58:00,343.000000,353.000000,351.833333,352.542859
co2-1_co2,10,2026-05-19 05:31:00,340.000000,343.000000,342.100000,342.683676
co2-1_co2,10,2026-05-19 06:04:00,331.000000,335.000000,337.300000,335.746393
co2-1_co2,10,2026-05-19 06:37:00,334.000000,335.000000,333.900000,335.441797
co2-1_co2,10,2026-05-19 07:10:00,328.000000,325.000000,332.366667,328.452603
co2-1_co2,10,2026-05-19 07:43:00,336.000000,334.000000,333.700000,335.872828
co2-1_co2,10,2026-05-19 08:16:00,340.000000,334.000000,332.233333,334.660868
co2-1_co2,10,2026-05-19 08:49:00,324.000000,329.000000,333.866667,330.831814
co2-1_co2,10,2026-05-19 09:22:00,320.000000,325.000000,327.366667,327.429413
co2-1_co2,10,2026-05-19 09:55:00,341.000000,339.000000,329.666667,334.340499
co2-1_co2,10,2026-05-19 10:28:00,347.000000,347.000000,343.166667,345.713663
co2-1_co2,10,2026-05-19 11:01:00,337.000000,352.000000,348.866667,348.522412
co2-1_co2,10,2026-05-19 11:34:00,335.000000,339.000000,339.200000,341.220387
co2-1_co2,10,2026-05-19 12:07:00,328.000000,335.000000,332.033333,335.141427
co2-1_co2,10,2026-05-19 12:40:00,330.000000,336.000000,332.066667,334.752138
co2-1_co2,10,2026-05-19 13:13:00,340.000000,337.000000,332.933333,338.242792
co2-1_co2,10,2026-05-19 13:46:00,318.000000,320.000000,330.833333,326.956050
co2-1_co2,10,2026-05-19 14:19:00,310.000000,314.000000,316.866667,319.004662
co2-1_co2,10,2026-05-19 14:52:00,319.000000,321.000000,313.400000,321.962702
co2-1_co2,10,2026-05-19 15:25:00,322.000000,330.000000,323.033333,330.610020
co2-1_co2,10,2026-05-19 15:58:00,325.000000,328.000000,326.166667,327.902342
co2-1_co2,10,2026-05-19 16:31:00,331.000000,331.000000,328.366667,331.293165
co2-1_co2,10,2026-05-19 17:04:00,327.000000,330.000000,330.100000,329.716393
co2-1_co2,10,2026-05-19 17:37:00,337.000000,337.000000,330.366667,333.791362
co2-1_co2,10,2026-05-19 18:10:00,334.000000,330.000000,334.433333,331.522596
co2-1_co2,10,2026-05-19 18:43:00,326.000000,326.000000,331.066667,327.882075
co2-1_co2,10,2026-05-19 19:16:00,340.000000,340.000000,334.233333,338.970469
co2-1_co2,10,2026-05-19 19:49:00,342.000000,341.000000,341.833333,341.686642
co2-1_co2,10,2026-05-19 20:22:00,350.000000,355.000000,341.533333,348.044272
co2-1_co2,10,2026-05-19 20:55:00,360.000000,360.000000,355.266667,355.942191
co2-1_co2,10,2026-05-19 21:28:00,364.000000,362.000000,362.066667,361.186860
co2-1_co2,10,2026-05-19 22:01:00,356.000000,357.000000,362.900000,358.765800
co2-1_co2,10,2026-05-19 22:34:00,358.000000,354.000000,355.966667,354.252858
co2-1_co2,10,2026-05-19 23:07:00,367.000000,368.000000,362.966667,361.636348
co2-1_co2,10,2026-05-19 23:40:00,374.000000,364.000000,364.066667,360.796275
co2-1_co2,10,2026-05-20 00:13:00,372.000000,359.000000,368.666667,359.119888
co2-1_co2,10,2026-05-20 00:46:00,385.000000,382.000000,375.800000,376.133844
co2-1_co2,10,2026-05-20 01:19:00,366.000000,373.000000,381.333333,373.537205
co2-1_co2,10,2026-05-20 01:52:00,356.000000,361.000000,367.266667,361.771388
co2-1_co2,10,2026-05-20 02:25:00,357.000000,357.000000,357.133333,355.621024
co2-1_co2,10,2026-05-20 02:58:00,368.000000,375.000000,365.000000,367.847584
co2-1_co2,10,2026-05-20 03:31:00,368.000000,366.000000,368.333333,368.373701
co2-1_co2,10,2026-05-20 04:04:00,376.000000,380.000000,373.033333,378.021485
co2-1_co2,10,2026-05-20 04:37:00,367.000000,371.000000,374.066667,373.411583
co2-1_co2,10,2026-05-20 05:10:00,379.000000,368.000000,366.633333,367.914053
co2-1_co2,10,2026-05-20 05:43:00,376.000000,373.000000,378.900000,373.993612
co2-1_co2,10,2026-05-20 06:16:00,382.000000,386.000000,377.333333,382.694273
co2-1_co2,10,2026-05-20 06:49:00,373.000000,368.000000,378.466667,372.507417
co2-1_co2,10,2026-05-20 07:22:00,368.000000,368.000000,372.033333,370.718457
co2-1_co2,10,2026-05-20 07:55:00,352.000000,358.000000,363.233333,360.995098
co2-1_co2,10,2026-05-20 08:28:00,342.000000,346.000000,345.500000,348.383732
co2-1_co2,10,2026-05-20 09:01:00,349.000000,338.000000,340.833333,341.137753
co2-1_co2,10,2026-05-20 09:34:00,349.000000,335.000000,342.766667,338.858764
co2-1_co2,10,2026-05-20 10:07:00,351.000000,348.000000,348.133333,346.638079
co2-1_co2,10,2026-05-20 10:40:00,353.000000,355.000000,350.100000,353.692492
co2-1_co2,10,2026-05-20 11:13:00,380.000000,398.000000,369.600000,383.149665
co2-1_co2,10,2026-05-20 11:46:00,413.000000,401.000000,387.933333,403.037760
co2-1_co2,10,2026-05-20 12:19:00,542.000000,542.000000,431.200000,492.148853
co2-1_co2,10,2026-05-20 12:52:00,548.000000,507.000000,547.633333,512.940672
co2-1_co2,10,2026-05-20 13:25:00,488.000000,500.000000,534.900000,512.388711
co2-1_co2,10,2026-05-20 13:58:00,496.000000,507.000000,517.033333,514.732339
co2-1_co2,10,2026-05-20 14:31:00,489.000000,502.000000,498.166667,504.981269
co2-1_co2,10,2026-05-20 15:04:00,477.000000,479.000000,484.400000,481.258077
co2-1_co2,10,2026-05-20 15:37:00,461.000000,450.000000,464.566667,457.540116
co2-1_co2,10,2026-05-20 16:10:00,446.000000,451.000000,453.233333,452.517601
co2-1_co2,10,2026-05-20 16:43:00,430.000000,434.000000,440.900000,437.969384
co2-1_co2,10,2026-05-20 17:16:00,423.000000,433.000000,428.333333,430.781869
co2-1_co2,10,2026-05-20 17:49:00,410.000000,414.000000,420.400000,416.798778
co2-1_co2,10,2026-05-20 18:22:00,450.000000,412.000000,406.700000,408.923610
co2-1_co2,10,2026-05-20 18:55:00,402.000000,400.000000,412.300000,402.405810
co2-1_co2,10,2026-05-20 19:28:00,420.000000,430.000000,410.000000,416.084994
co2-1_co2,10,2026-05-20 20:01:00,407.000000,409.000000,414.466667,404.692314
co2-1_co2,10,2026-05-20 20:34:00,399.000000,398.000000,406.266667,399.589710
co2-1_co2,10,2026-05-20 21:07:00,385.000000,393.000000,397.300000,394.429835
co2-1_co2,10,2026-05-20 21:40:00,376.000000,378.000000,385.200000,379.986079
co2-1_co2,10,2026-05-20 22:13:00,365.000000,368.000000,377.500000,371.145979
co2-1_co2,10,2026-05-20 22:46:00,366.000000,372.000000,369.900000,369.690575
co2-1_co2,10,2026-05-20 23:19:00,360.000000,368.000000,366.733333,366.516326
co2-1_co2,10,2026-05-20 23:52:00,359.000000,362.000000,358.400000,359.994990
co2-1_co2,10,2026-05-21 00:25:00,360.000000,360.000000,361.000000,358.543064
co2-1_co2,10,2026-05-21 00:58:00,352.000000,354.000000,355.933333,354.024904
co2-1_co2,10,2026-05-21 01:31:00,355.000000,351.000000,350.033333,350.160981
co2-1_co2,10,2026-05-21 02:04:00,344.000000,344.000000,349.133333,346.284836
co2-1_co2,10,2026-05-21 02:37:00,346.000000,346.000000,345.366667,345.500524
co2-1_co2,10,2026-05-21 03:10:00,343.000000,345.000000,345.600000,346.160015
co2-1_co2,10,2026-05-21 03:43:00,342.000000,338.000000,338.866667,336.266093
co2-1_co2,10,2026-05-21 04:16:00,338.000000,339.000000,340.000000,337.548213
co2-1_co2,10,2026-05-21 04:49:00,338.000000,339.000000,338.966667,339.245507
co2-1_co2,10,2026-05-21 05:22:00,332.000000,333.000000,332.200000,333.992219
co2-1_co2,10,2026-05-21 05:55:00,322.000000,332.000000,333.066667,333.729972
co2-1_co2,10,2026-05-21 06:28:00,335.000000,336.000000,330.466667,335.242302
co2-1_co2,10,2026-05-21 07:01:00,329.000000,331.000000,332.333333,333.093907
co2-1_co2,10,2026-05-21 07:34:00,330.000000,330.000000,328.100000,331.038708
co2-1_co2,10,2026-05-21 08:07:00,324.000000,325.000000,327.600000,327.457468
co2-1_co2,10,2026-05-21 08:40:00,321.000000,327.000000,324.566667,328.201914
co2-1_co2,10,2026-05-21 09:13:00,328.000000,339.000000,328.133333,336.852875
co2-1_co2,10,2026-05-21 09:46:00,331.000000,348.000000,328.133333,346.323249
co2-1_co2,10,2026-05-21 10:19:00,334.000000,337.000000,334.033333,336.122030
co2-1_co2,10,2026-05-21 10:52:00,335.000000,339.000000,334.133333,339.438794
co2-1_co2,10,2026-05-21 11:25:00,346.000000,342.000000,339.333333,342.763762
co2-1_co2,10,2026-05-21 11:58:00,372.000000,386.000000,350.000000,372.217838
co2-1_co2,10,2026-05-21 12:31:00,428.000000,407.000000,388.366667,398.701196
co2-1_co2,10,2026-05-21 13:04:00,453.000000,449.000000,436.500000,441.930893
co2-1_co2,10,2026-05-21 13:37:00,486.000000,479.000000,466.166667,473.579414
co2-1_co2,10,2026-05-21 14:10:00,516.000000,503.000000,490.833333,496.879299
co2-1_co2,10,2026-05-21 14:43:00,528.000000,527.000000,520.466667,522.542600
co2-1_co2,10,2026-05-21 15:16:00,527.000000,529.000000,531.000000,528.248623
co2-1_co2,10,2026-05-21 15:49:00,532.000000,524.000000,526.266667,523.208394
co2-1_co2,10,2026-05-21 16:22:00,513.000000,522.000000,525.300000,521.127553
co2-1_co2,10,2026-05-21 16:55:00,503.000000,504.000000,510.900000,506.791256
co2-1_co2,10,2026-05-21 17:28:00,486.000000,488.000000,493.733333,489.982310
co2-1_co2,10,2026-05-21 18:01:00,460.000000,470.000000,479.833333,473.203937
co2-1_co2,10,2026-05-21 18:34:00,446.000000,441.000000,455.200000,444.836186
co2-1_co2,10,2026-05-21 19:07:00,421.000000,422.000000,437.833333,427.345437
co2-1_co2,10,2026-05-21 19:40:00,405.000000,411.000000,413.366667,411.621916
co2-1_co2,10,2026-05-21 20:13:00,388.000000,398.000000,406.166667,400.185311
co2-1_co2,10,2026-05-21 20:46:00,394.000000,398.000000,393.433333,395.579033
co2-1_co2,10,2026-05-21 21:19:00,388.000000,395.000000,391.500000,391.434292
co2-1_co2,10,2026-05-21 21:52:00,376.000000,381.000000,383.966667,380.852177
co2-1_co2,10,2026-05-21 22:25:00,376.000000,378.000000,380.200000,377.331270
co2-1_co2,10,2026-05-21 22:58:00,375.000000,377.000000,374.433333,373.803834
co2-1_co2,10,2026-05-21 23:31:00,371.000000,368.000000,372.600000,367.585376
co2-1_co2,10,2026-05-22 00:04:00,371.000000,366.000000,368.800000,365.079326
co2-1_co2,10,2026-05-22 00:37:00,364.000000,356.000000,364.866667,357.495411
co2-1_co2,10,2026-05-22 01:10:00,365.000000,356.000000,364.733333,357.550770
co2-1_co2,10,2026-05-22 01:43:00,353.000000,351.000000,357.300000,352.465536
co2-1_co2,10,2026-05-22 02:16:00,351.000000,351.000000,352.133333,350.675822
co2-1_co2,10,2026-05-22 02:49:00,341.000000,349.000000,347.333333,347.431833
co2-1_co2,10,2026-05-22 03:22:00,349.000000,345.000000,345.200000,341.007908
co2-1_co2,10,2026-05-22 03:55:00,333.000000,335.000000,344.033333,335.431563
co2-1_co2,10,2026-05-22 04:28:00,336.000000,333.000000,332.633333,331.529056
co2-1_co2,10,2026-05-22 05:01:00,335.000000,335.000000,337.600000,334.788948
co2-1_co2,10,2026-05-22 05:34:00,332.000000,338.000000,332.700000,337.202495
co2-1_co2,10,2026-05-22 06:07:00,343.000000,338.000000,336.200000,336.699182
co2-1_co2,10,2026-05-22 06:40:00,325.000000,335.000000,338.333333,336.200274
co2-1_co2,10,2026-05-22 07:13:00,328.000000,330.000000,330.266667,330.667746
co2-1_co2,10,2026-05-22 07:46:00,322.000000,331.000000,329.600000,331.234733
co2-1_co2,10,2026-05-22 08:19:00,333.000000,330.000000,327.033333,329.723479
co2-1_co2,10,2026-05-22 08:52:00,323.000000,327.000000,330.533333,328.974763
co2-1_co2,10,2026-05-22 09:25:00,325.000000,326.000000,324.266667,331.878038
co2-1_co2,10,2026-05-22 09:58:00,322.000000,326.000000,323.666667,329.818522
co2-1_co2,10,2026-05-22 10:31:00,344.000000,353.000000,330.966667,345.463973
co2-1_co2,10,2026-05-22 11:04:00,369.000000,362.000000,351.766667,355.807885
co2-1_co2,10,2026-05-22 11:37:00,384.000000,384.000000,374.266667,378.073725
co2-1_co2,10,2026-05-22 12:10:00,388.000000,392.000000,386.166667,386.766016
co2-1_co2,10,2026-05-22 12:43:00,386.000000,378.000000,384.733333,385.996935
co2-1_co2,10,2026-05-22 13:16:00,389.000000,381.000000,386.000000,384.370856
co2-1_co2,10,2026-05-22 13:49:00,390.000000,389.000000,394.900000,390.968949
co2-1_co2,10,2026-05-22 14:22:00,400.000000,401.000000,395.566667,399.806541
co2-1_co2,10,2026-05-22 14:55:00,393.000000,400.000000,403.466667,399.766190
co2-1_co2,10,2026-05-22 15:28:00,391.000000,392.000000,394.833333,393.919981
co2-1_co2,10,2026-05-22 16:01:00,365.000000,365.000000,377.733333,371.103471
co2-1_co2,10,2026-05-22 16:34:00,375.000000,375.000000,367.766667,370.690852
co2-1_co2,10,2026-05-22 17:07:00,382.000000,387.000000,375.100000,381.022676
co2-1_co2,10,2026-05-22 17:40:00,372.000000,375.000000,373.633333,373.459169
co2-1_co2,10,2026-05-22 18:13:00,374.000000,375.000000,373.866667,372.137452
co2-1_co2,10,2026-05-22 18:46:00,403.000000,387.000000,373.833333,379.764364
co2-1_co2,10,2026-05-22 19:19:00,412.000000,405.000000,404.600000,397.047329
co2-1_co2,10,2026-05-22 19:52:00,399.000000,402.000000,404.633333,399.260177
co2-1_co2,10,2026-05-22 20:25:00,397.000000,399.000000,399.133333,395.815087
co2-1_co2,10,2026-05-22 20:58:00,386.000000,386.000000,396.666667,387.074748
co2-1_co2,10,2026-05-22 21:31:00,385.000000,386.000000,389.233333,384.560877
co2-1_co2,10,2026-05-22 22:04:00,380.000000,383.000000,383.666667,381.270733
co2-1_co2,10,2026-05-22 22:37:00,378.000000,375.000000,378.466667,373.471151
co2-1_co2,10,2026-05-22 23:10:00,364.000000,365.000000,371.766667,365.620335
co2-1_co2,10,2026-05-22 23:43:00,368.000000,365.000000,364.066667,362.395063
co2-1_co2,10,2026-05-23 00:16:00,363.000000,361.000000,362.633333,358.810309
co2-1_co2,10,2026-05-23 00:49:00,345.000000,354.000000,357.866667,353.541835
co2-1_co2,10,2026-05-23 01:22:00,350.000000,350.000000,345.833333,345.564673
co2-1_co2,10,2026-05-23 01:55:00,340.000000,348.000000,351.266667,346.375891
co2-1_co2,10,2026-05-23 02:28:00,341.000000,346.000000,343.266667,343.813114
co2-1_co2,10,2026-05-23 03:01:00,337.000000,333.000000,337.100000,332.873981
co2-1_co2,10,2026-05-23 03:34:00,331.000000,337.000000,335.100000,337.088466
co2-1_co2,10,2026-05-23 04:07:00,336.000000,332.000000,331.900000,330.620074
co2-1_co2,10,2026-05-23 04:40:00,323.000000,328.000000,329.466667,328.110648
co2-1_co2,10,2026-05-23 05:13:00,316.000000,322.000000,323.666667,321.905418
co2-1_co2,10,2026-05-23 05:46:00,311.000000,307.000000,312.033333,309.090943
co2-1_co2,10,2026-05-23 06:19:00,314.000000,313.000000,313.200000,312.750662
co2-1_co2,10,2026-05-23 06:52:00,318.000000,318.000000,313.333333,316.380655
co2-1_co2,10,2026-05-23 07:25:00,313.000000,320.000000,316.566667,318.624630
co2-1_co2,10,2026-05-23 07:58:00,305.000000,305.000000,313.866667,309.261316
co2-1_co2,10,2026-05-23 08:31:00,308.000000,310.000000,307.100000,310.217702
co2-1_co2,10,2026-05-23 09:04:00,309.000000,315.000000,309.800000,313.518706
co2-1_co2,10,2026-05-23 09:37:00,311.000000,313.000000,310.066667,311.727343
co2-1_co2,10,2026-05-23 10:10:00,307.000000,313.000000,312.666667,313.239478
co2-1_co2,10,2026-05-23 10:43:00,306.000000,315.000000,310.466667,315.267474
co2-1_co2,10,2026-05-23 11:16:00,314.000000,310.000000,312.833333,311.428884
co2-1_co2,10,2026-05-23 11:49:00,313.000000,317.000000,313.300000,317.642640
co2-1_co2,10,2026-05-23 12:22:00,308.000000,309.000000,311.133333,311.868754
co2-1_co2,10,2026-05-23 12:55:00,312.000000,305.000000,310.033333,308.719163
co2-1_co2,10,2026-05-23 13:28:00,312.000000,310.000000,310.266667,312.157915
co2-1_co2,10,2026-05-23 14:01:00,337.000000,331.000000,317.500000,326.265435
co2-1_co2,10,2026-05-23 14:34:00,367.000000,358.000000,346.133333,352.247138
co2-1_co2,10,2026-05-23 15:07:00,406.000000,394.000000,382.700000,387.695813
co2-1_co2,10,2026-05-23 15:40:00,435.000000,426.000000,414.500000,419.390262
co2-1_co2,10,2026-05-23 16:13:00,414.000000,419.000000,428.766667,422.005418
co2-1_co2,10,2026-05-23 16:46:00,394.000000,399.000000,411.233333,403.806832
co2-1_co2,10,2026-05-23 17:19:00,369.000000,381.000000,389.066667,384.658242
co2-1_co2,10,2026-05-23 17:52:00,356.000000,362.000000,364.633333,363.559432
co2-1_co2,10,2026-05-23 18:25:00,344.000000,349.000000,355.166667,351.516047
co2-1_co2,10,2026-05-23 18:58:00,331.000000,339.000000,342.733333,341.419999
co2-1_co2,10,2026-05-23 19:31:00,328.000000,322.000000,329.966667,325.336471
co2-1_co2,10,2026-05-23 20:04:00,316.000000,322.000000,322.200000,321.767142
co2-1_co2,10,2026-05-23 20:37:00,310.000000,314.000000,317.833333,315.209444
co2-1_co2,10,2026-05-23 21:10:00,309.000000,315.000000,310.566667,312.034665
co2-1_co2,10,2026-05-23 21:43:00,308.000000,306.000000,310.033333,305.956758
co2-1_co2,10,2026-05-23 22:16:00,305.000000,314.000000,309.300000,310.817195
co2-1_co2,10,2026-05-23 22:49:00,289.000000,303.000000,305.066667,303.433230
co2-1_co2,10,2026-05-23 23:22:00,295.000000,301.000000,296.966667,298.878345
co2-1_co2,10,2026-05-23 23:55:00,294.000000,303.000000,298.900000,300.171463
co2-1_co2,10,2026-05-24 00:28:00,301.000000,302.000000,296.866667,298.755332
co2-1_co2,10,2026-05-24 01:01:00,302.000000,304.000000,299.466667,300.229031
co2-1_co2,10,2026-05-24 01:34:00,308.000000,309.000000,303.600000,304.938834
co2-1_co2,10,2026-05-24 02:07:00,309.000000,306.000000,307.100000,305.911625
co2-1_co2,10,2026-05-24 02:40:00,315.000000,310.000000,309.333333,309.328803
co2-1_co2,10,2026-05-24 03:13:00,313.000000,313.000000,314.066667,312.420311
co2-1_co2,10,2026-05-24 03:46:00,311.000000,319.000000,317.066667,317.703670
co2-1_co2,10,2026-05-24 04:19:00,322.000000,316.000000,313.333333,314.510104
co2-1_co2,10,2026-05-24 04:52:00,323.000000,316.000000,318.566667,317.534056
co2-1_co2,10,2026-05-24 05:25:00,324.000000,317.000000,318.133333,318.414962
co2-1_co2,10,2026-05-24 05:58:00,319.000000,313.000000,317.700000,315.649360
co2-1_co2,10,2026-05-24 06:31:00,318.000000,314.000000,314.833333,315.487977
co2-1_co2,10,2026-05-24 07:04:00,327.000000,320.000000,318.766667,319.732037
co2-1_co2,10,2026-05-24 07:37:00,321.000000,318.000000,322.600000,320.766870
co2-1_co2,10,2026-05-24 08:10:00,314.000000,315.000000,320.500000,318.169875
co2-1_co2,10,2026-05-24 08:43:00,312.000000,317.000000,315.566667,318.099943
co2-1_co2,10,2026-05-24 09:16:00,319.000000,314.000000,314.300000,315.828356
co2-1_co2,10,2026-05-24 09:49:00,316.000000,319.000000,315.200000,318.056082
co2-1_co2,10,2026-05-24 10:22:00,311.000000,307.000000,312.166667,310.820150
co2-1_co2,10,2026-05-24 10:55:00,300.000000,303.000000,307.466667,306.840016
co2-1_co2,10,2026-05-24 11:28:00,304.000000,309.000000,305.566667,309.487673
co2-1_co2,10,2026-05-24 12:01:00,318.000000,315.000000,309.933333,314.664115
co2-1_co2,10,2026-05-24 12:34:00,310.000000,316.000000,317.300000,318.020471
co2-1_co2,10,2026-05-24 13:07:00,313.000000,315.000000,313.833333,316.441302
co2-1_co2,10,2026-05-24 13:40:00,298.000000,308.000000,311.733333,310.996586
co2-1_co2,10,2026-05-24 14:13:00,303.000000,305.000000,306.566667,307.151336
co2-1_co2,10,2026-05-24 14:46:00,297.000000,303.000000,300.466667,303.279090
co2-1_co2,10,2026-05-24 15:19:00,306.000000,303.000000,298.200000,302.138341
co2-1_co2,10,2026-05-24 15:52:00,309.000000,301.000000,300.833333,301.060059
co2-1_co2,10,2026-05-24 16:25:00,305.000000,308.000000,309.066667,308.471697
co2-1_co2,10,2026-05-24 16:58:00,314.000000,309.000000,303.333333,307.683057
co2-1_co2,10,2026-05-24 17:31:00,307.000000,313.000000,312.533333,313.009894
co2-1_co2,10,2026-05-24 18:04:00,304.000000,307.000000,308.266667,308.882135
co2-1_co2,10,2026-05-24 18:37:00,318.000000,309.000000,307.366667,308.515436
co2-1_co2,10,2026-05-24 19:10:00,311.000000,308.000000,312.000000,308.465693
co2-1_co2,10,2026-05-24 19:43:00,308.000000,307.000000,309.666667,307.859061
co2-1_co2,10,2026-05-24 20:16:00,308.000000,310.000000,308.500000,309.488063
co2-1_co2,10,2026-05-24 20:49:00,305.000000,310.000000,311.333333,310.148357
co2-1_co2,10,2026-05-24 21:22:00,306.000000,315.000000,308.733333,312.639438
co2-1_co2,10,2026-05-24 21:55:00,318.000000,311.000000,313.533333,310.818226
co2-1_co2,10,2026-05-24 22:28:00,312.000000,307.000000,311.766667,308.894671
co2-1_co2,10,2026-05-24 23:01:00,314.000000,313.000000,314.166667,311.917170
co2-1_co2,10,2026-05-24 23:34:00,316.000000,313.000000,313.166667,311.897778
co2-1_co2,10,2026-05-25 00:07:00,306.000000,313.000000,312.933333,312.029100
co2-1_co2,10,2026-05-25 00:40:00,305.000000,307.000000,308.900000,306.775421
co2-1_co2,10,2026-05-25 01:13:00,299.000000,300.000000,304.066667,300.914481
co2-1_co2,10,2026-05-25 01:46:00,305.000000,308.000000,302.166667,305.581130
co2-1_co2,10,2026-05-25 02:19:00,308.000000,312.000000,304.866667,309.439278
co2-1_co2,10,2026-05-25 02:52:00,315.000000,315.000000,309.133333,312.379727
co2-1_co2,10,2026-05-25 03:25:00,310.000000,309.000000,310.866667,309.652601
co2-1_co2,10,2026-05-25 03:58:00,307.000000,304.000000,307.533333,304.688416
co2-1_co2,10,2026-05-25 04:31:00,308.000000,306.000000,310.433333,308.501342
co2-1_co2,10,2026-05-25 05:04:00,304.000000,308.000000,307.533333,309.480972
co2-1_co2,10,2026-05-25 05:37:00,305.000000,303.000000,303.600000,304.133800
co2-1_co2,10,2026-05-25 06:10:00,303.000000,307.000000,304.666667,306.850287
co2-1_co2,10,2026-05-25 06:43:00,296.000000,302.000000,301.566667,304.795515
co2-1_co2,10,2026-05-25 07:16:00,307.000000,308.000000,302.966667,307.566597
co2-1_co2,10,2026-05-25 07:49:00,308.000000,306.000000,307.700000,308.344473
co2-1_co2,10,2026-05-25 08:22:00,309.000000,309.000000,307.433333,310.248878
co2-1_co2,10,2026-05-25 08:55:00,307.000000,306.000000,306.766667,308.842466
co2-1_co2,10,2026-05-25 09:28:00,310.000000,313.000000,308.633333,313.158423
co2-1_co2,10,2026-05-25 10:01:00,314.000000,315.000000,312.100000,315.470903
co2-1_co2,10,2026-05-25 10:34:00,327.000000,322.000000,318.866667,323.475034
co2-1_co2,10,2026-05-25 11:07:00,329.000000,328.000000,326.600000,329.930972
co2-1_co2,10,2026-05-25 11:40:00,322.000000,333.000000,345.333333,341.992284
co2-1_co2,10,2026-05-25 12:13:00,327.000000,320.000000,322.066667,332.070871
co2-1_co2,10,2026-05-25 12:46:00,324.000000,321.000000,324.066667,324.853874
co2-1_co2,10,2026-05-25 13:19:00,325.000000,331.000000,323.600000,329.134698
co2-1_co2,10,2026-05-25 13:52:00,327.000000,330.000000,326.000000,330.055545
co2-1_co2,10,2026-05-25 14:25:00,334.000000,335.000000,329.833333,334.322037
co2-1_co2,10,2026-05-25 14:58:00,339.000000,336.000000,336.400000,337.563695
co2-1_co2,10,2026-05-25 15:31:00,343.000000,342.000000,340.266667,342.861954
co2-1_co2,10,2026-05-25 16:04:00,344.000000,333.000000,338.866667,338.072332
co2-1_co2,10,2026-05-25 16:37:00,340.000000,337.000000,339.866667,338.287921
co2-1_co2,10,2026-05-25 17:10:00,339.000000,330.000000,333.766667,332.872236
co2-1_co2,10,2026-05-25 17:43:00,343.000000,343.000000,340.100000,340.873038
co2-1_co2,10,2026-05-25 18:16:00,332.000000,332.000000,340.266667,335.642105
co2-1_co2,10,2026-05-25 18:49:00,345.000000,369.000000,338.133333,355.627642
co2-1_co2,10,2026-05-25 19:22:00,336.000000,336.000000,342.766667,338.886636
co2-1_co2,10,2026-05-25 19:55:00,335.000000,339.000000,335.333333,335.802840
co2-1_co2,10,2026-05-25 20:28:00,347.000000,345.000000,347.233333,344.273070
co2-1_co2,10,2026-05-25 21:01:00,329.000000,330.000000,340.400000,334.507479
co2-1_co2,10,2026-05-25 21:34:00,337.000000,342.000000,332.133333,337.932901
co2-1_co2,10,2026-05-25 22:07:00,341.000000,332.000000,334.766667,330.542995
co2-1_co2,10,2026-05-25 22:40:00,343.000000,347.000000,343.033333,342.765680
co2-1_co2,10,2026-05-25 23:13:00,340.000000,339.000000,343.300000,338.922122
co2-1_co2,10,2026-05-25 23:46:00,342.000000,340.000000,341.333333,338.217694
co2-1_co2,10,2026-05-26 00:19:00,342.000000,340.000000,338.100000,338.524267
co2-1_co2,10,2026-05-26 00:52:00,338.000000,341.000000,341.800000,339.772988
co2-1_co2,10,2026-05-26 01:25:00,335.000000,334.000000,333.933333,333.687801
co2-1_co2,10,2026-05-26 01:58:00,329.000000,328.000000,332.433333,328.456608
co2-1_co2,10,2026-05-26 02:31:00,333.000000,327.000000,325.266667,325.825470
co2-1_co2,10,2026-05-26 03:04:00,322.000000,320.000000,328.933333,323.490372
co2-1_co2,10,2026-05-26 03:37:00,312.000000,317.000000,320.000000,318.507506
co2-1_co2,10,2026-05-26 04:10:00,298.000000,306.000000,307.566667,308.968455
co2-1_co2,10,2026-05-26 04:43:00,312.000000,301.000000,303.700000,303.620498
co2-1_co2,10,2026-05-26 05:16:00,305.000000,314.000000,311.533333,312.911782
co2-1_co2,10,2026-05-26 05:49:00,308.000000,305.000000,304.700000,306.874894
co2-1_co2,10,2026-05-26 06:22:00,304.000000,303.000000,306.866667,305.262897
co2-1_co2,10,2026-05-26 06:55:00,305.000000,308.000000,305.266667,308.493336
co2-1_co2,10,2026-05-26 07:28:00,306.000000,307.000000,305.300000,308.094223
co2-1_co2,10,2026-05-26 08:01:00,303.000000,309.000000,302.700000,308.022223
co2-1_co2,10,2026-05-26 08:34:00,316.000000,306.000000,307.300000,309.091230
co2-1_co2,10,2026-05-26 09:07:00,307.000000,313.000000,312.500000,314.716609
co2-1_co2,10,2026-05-26 09:40:00,313.000000,299.000000,306.033333,304.794045
co2-1_co2,10,2026-05-26 10:13:00,308.000000,308.000000,307.800000,309.209645
co2-1_co2,10,2026-05-26 10:46:00,306.000000,311.000000,310.266667,313.622239
co2-1_co2,10,2026-05-26 11:19:00,303.000000,303.000000,304.433333,306.466557
co2-1_co2,10,2026-05-26 11:52:00,303.000000,303.000000,301.800000,305.644234
co2-1_co2,10,2026-05-26 12:25:00,314.000000,304.000000,304.433333,307.007930
co2-1_co2,10,2026-05-26 12:58:00,304.000000,306.000000,307.300000,309.104622
co2-1_co2,10,2026-05-26 13:31:00,309.000000,312.000000,306.233333,311.918294
co2-1_co2,10,2026-05-26 14:04:00,324.000000,322.000000,316.833333,321.628619
co2-1_co2,10,2026-05-26 14:37:00,315.000000,323.000000,324.666667,325.775243
co2-1_co2,10,2026-05-26 15:10:00,321.000000,324.000000,316.033333,324.113304
co2-1_co2,10,2026-05-26 15:43:00,325.000000,328.000000,322.500000,327.933683
co2-1_co2,10,2026-05-26 16:16:00,337.000000,335.000000,329.400000,333.842279
co2-1_co2,10,2026-05-26 16:49:00,324.000000,332.000000,333.333333,333.274305
co2-1_co2,10,2026-05-26 17:22:00,340.000000,329.000000,330.666667,331.016008
co2-1_co2,10,2026-05-26 17:55:00,333.000000,341.000000,338.633333,338.976534
co2-1_co2,10,2026-05-26 18:28:00,320.000000,329.000000,331.566667,330.897996
co2-1_co2,10,2026-05-26 19:01:00,332.000000,331.000000,329.133333,329.903413
co2-1_co2,10,2026-05-26 19:34:00,337.000000,340.000000,336.666667,337.670535
co2-1_co2,10,2026-05-26 20:07:00,341.000000,345.000000,339.166667,343.126325
co2-1_co2,10,2026-05-26 20:40:00,343.000000,346.000000,343.600000,343.617689
co2-1_co2,10,2026-05-26 21:13:00,353.000000,353.000000,344.100000,349.150877
co2-1_co2,10,2026-05-26 21:46:00,350.000000,354.000000,353.100000,350.211631
co2-1_co2,30,2026-05-15 10:13:00,351.000000,344.000000,337.866667,341.095643
co2-1_co2,30,2026-05-15 10:46:00,373.000000,351.000000,347.500000,350.769657
co2-1_co2,30,2026-05-15 11:19:00,374.000000,370.000000,367.933333,370.300987
co2-1_co2,30,2026-05-15 11:52:00,378.000000,375.000000,370.966667,374.551986
co2-1_co2,30,2026-05-15 12:25:00,385.000000,382.000000,377.466667,379.689235
co2-1_co2,30,2026-05-15 12:58:00,400.000000,386.000000,383.700000,386.338548
co2-1_co2,30,2026-05-15 13:31:00,422.000000,408.000000,396.366667,400.786754
co2-1_co2,30,2026-05-15 14:04:00,430.000000,423.000000,418.700000,417.883101
co2-1_co2,30,2026-05-15 14:37:00,442.000000,432.000000,424.733333,424.875347
co2-1_co2,30,2026-05-15 15:10:00,468.000000,443.000000,436.933333,438.276271
co2-1_co2,30,2026-05-15 15:43:00,458.000000,468.000000,457.266667,458.215216
co2-1_co2,30,2026-05-15 16:16:00,449.000000,460.000000,459.633333,455.314649
co2-1_co2,30,2026-05-15 16:49:00,452.000000,449.000000,453.666667,447.115705
co2-1_co2,30,2026-05-15 17:22:00,454.000000,456.000000,455.000000,449.712948
co2-1_co2,30,2026-05-15 17:55:00,454.000000,459.000000,456.866667,451.890020
co2-1_co2,30,2026-05-15 18:28:00,451.000000,457.000000,456.300000,450.414198
co2-1_co2,30,2026-05-15 19:01:00,460.000000,453.000000,453.333333,446.643241
co2-1_co2,30,2026-05-15 19:34:00,436.000000,459.000000,455.700000,450.825587
co2-1_co2,30,2026-05-15 20:07:00,431.000000,439.000000,448.433333,438.355425
co2-1_co2,30,2026-05-15 20:40:00,424.000000,434.000000,436.233333,428.460291
co2-1_co2,30,2026-05-15 21:13:00,401.000000,420.000000,428.266667,418.878713
co2-1_co2,30,2026-05-15 21:46:00,396.000000,406.000000,409.866667,401.882417
co2-1_co2,30,2026-05-15 22:19:00,383.000000,402.000000,398.333333,394.152031
co2-1_co2,30,2026-05-15 22:52:00,377.000000,389.000000,386.833333,381.956184
co2-1_co2,30,2026-05-15 23:25:00,376.000000,372.000000,381.500000,372.408601
co2-1_co2,30,2026-05-15 23:58:00,365.000000,375.000000,373.600000,368.911113
co2-1_co2,30,2026-05-16 00:31:00,367.000000,369.000000,367.866667,361.896717
co2-1_co2,30,2026-05-16 01:04:00,357.000000,368.000000,365.500000,359.876476
co2-1_co2,30,2026-05-16 01:37:00,351.000000,356.000000,357.400000,350.917202
co2-1_co2,30,2026-05-16 02:10:00,335.000000,346.000000,354.233333,346.409475
co2-1_co2,30,2026-05-16 02:43:00,332.000000,333.000000,338.033333,330.246555
co2-1_co2,30,2026-05-16 03:16:00,326.000000,328.000000,332.633333,332.237878
co2-1_co2,30,2026-05-16 03:49:00,329.000000,326.000000,328.766667,328.657979
co2-1_co2,30,2026-05-16 04:22:00,317.000000,328.000000,330.200000,324.553391
co2-1_co2,30,2026-05-16 04:55:00,322.000000,326.000000,324.100000,323.089076
co2-1_co2,30,2026-05-16 05:28:00,325.000000,325.000000,323.766667,323.117419
co2-1_co2,30,2026-05-16 06:01:00,325.000000,323.000000,327.166667,326.870390
co2-1_co2,30,2026-05-16 06:34:00,319.000000,328.000000,324.700000,327.347208
co2-1_co2,30,2026-05-16 07:07:00,327.000000,324.000000,323.166667,324.535432
co2-1_co2,30,2026-05-16 07:40:00,325.000000,325.000000,325.866667,326.288298
co2-1_co2,30,2026-05-16 08:13:00,323.000000,321.000000,325.033333,325.948410
co2-1_co2,30,2026-05-16 08:46:00,319.000000,321.000000,320.966667,324.188241
co2-1_co2,30,2026-05-16 09:19:00,318.000000,319.000000,318.733333,321.516992
co2-1_co2,30,2026-05-16 09:52:00,317.000000,318.000000,318.700000,316.708422
co2-1_co2,30,2026-05-16 10:25:00,322.000000,319.000000,315.733333,318.001811
co2-1_co2,30,2026-05-16 10:58:00,317.000000,316.000000,315.700000,318.318254
co2-1_co2,30,2026-05-16 11:31:00,322.000000,321.000000,316.366667,321.854838
co2-1_co2,30,2026-05-16 12:04:00,316.000000,322.000000,318.933333,322.781330
co2-1_co2,30,2026-05-16 12:37:00,315.000000,314.000000,318.166667,319.236869
co2-1_co2,30,2026-05-16 13:10:00,317.000000,320.000000,315.266667,319.084440
co2-1_co2,30,2026-05-16 13:43:00,317.000000,316.000000,316.066667,316.567045
co2-1_co2,30,2026-05-16 14:16:00,314.000000,315.000000,314.000000,316.936747
co2-1_co2,30,2026-05-16 14:49:00,311.000000,321.000000,314.933333,316.343270
co2-1_co2,30,2026-05-16 15:22:00,308.000000,309.000000,310.000000,310.341170
co2-1_co2,30,2026-05-16 15:55:00,307.000000,316.000000,312.066667,312.490979
co2-1_co2,30,2026-05-16 16:28:00,311.000000,309.000000,307.600000,309.007513
co2-1_co2,30,2026-05-16 17:01:00,309.000000,308.000000,310.800000,309.886547
co2-1_co2,30,2026-05-16 17:34:00,309.000000,310.000000,309.633333,307.823066
co2-1_co2,30,2026-05-16 18:07:00,304.000000,312.000000,309.533333,307.799027
co2-1_co2,30,2026-05-16 18:40:00,302.000000,307.000000,310.133333,306.191899
co2-1_co2,30,2026-05-16 19:13:00,302.000000,301.000000,302.200000,300.448903
co2-1_co2,30,2026-05-16 19:46:00,305.000000,302.000000,303.500000,298.173029
co2-1_co2,30,2026-05-16 20:19:00,294.000000,306.000000,301.733333,300.139248
co2-1_co2,30,2026-05-16 20:52:00,302.000000,298.000000,303.100000,295.684037
co2-1_co2,30,2026-05-16 21:25:00,290.000000,307.000000,298.466667,298.675652
co2-1_co2,30,2026-05-16 21:58:00,298.000000,292.000000,299.366667,292.226940
co2-1_co2,30,2026-05-16 22:31:00,300.000000,302.000000,296.066667,293.760130
co2-1_co2,30,2026-05-16 23:04:00,302.000000,297.000000,299.666667,294.520364
co2-1_co2,30,2026-05-16 23:37:00,304.000000,297.000000,298.733333,294.653631
co2-1_co2,30,2026-05-17 00:10:00,295.000000,302.000000,298.866667,296.755743
co2-1_co2,30,2026-05-17 00:43:00,294.000000,301.000000,299.166667,295.503763
co2-1_co2,30,2026-05-17 01:16:00,303.000000,292.000000,294.466667,290.137234
co2-1_co2,30,2026-05-17 01:49:00,293.000000,302.000000,295.400000,295.118994
co2-1_co2,30,2026-05-17 02:22:00,298.000000,293.000000,296.733333,290.221367
co2-1_co2,30,2026-05-17 02:55:00,294.000000,298.000000,298.200000,295.710170
co2-1_co2,30,2026-05-17 03:28:00,297.000000,293.000000,294.166667,296.501510
co2-1_co2,30,2026-05-17 04:01:00,298.000000,298.000000,295.833333,295.232876
co2-1_co2,30,2026-05-17 04:34:00,295.000000,302.000000,297.500000,298.097244
co2-1_co2,30,2026-05-17 05:07:00,299.000000,296.000000,297.233333,296.739646
co2-1_co2,30,2026-05-17 05:40:00,294.000000,305.000000,295.333333,299.827821
co2-1_co2,30,2026-05-17 06:13:00,300.000000,293.000000,298.266667,298.368652
co2-1_co2,30,2026-05-17 06:46:00,295.000000,301.000000,296.700000,299.984042
co2-1_co2,30,2026-05-17 07:19:00,297.000000,291.000000,298.300000,296.618090
co2-1_co2,30,2026-05-17 07:52:00,298.000000,296.000000,295.566667,298.290449
co2-1_co2,30,2026-05-17 08:25:00,296.000000,297.000000,294.166667,297.581436
co2-1_co2,30,2026-05-17 08:58:00,305.000000,294.000000,293.366667,297.640126
co2-1_co2,30,2026-05-17 09:31:00,296.000000,301.000000,297.366667,299.408596
co2-1_co2,30,2026-05-17 10:04:00,296.000000,299.000000,299.700000,302.458929
co2-1_co2,30,2026-05-17 10:37:00,306.000000,301.000000,298.266667,303.421042
co2-1_co2,30,2026-05-17 11:10:00,308.000000,304.000000,300.766667,305.650757
co2-1_co2,30,2026-05-17 11:43:00,305.000000,307.000000,305.600000,310.365517
co2-1_co2,30,2026-05-17 12:16:00,313.000000,305.000000,307.800000,309.391271
co2-1_co2,30,2026-05-17 12:49:00,311.000000,314.000000,311.633333,316.002537
co2-1_co2,30,2026-05-17 13:22:00,320.000000,313.000000,312.600000,314.393630
co2-1_co2,30,2026-05-17 13:55:00,318.000000,318.000000,320.200000,321.080812
co2-1_co2,30,2026-05-17 14:28:00,312.000000,320.000000,314.100000,316.667377
co2-1_co2,30,2026-05-17 15:01:00,314.000000,312.000000,315.500000,313.076437
co2-1_co2,30,2026-05-17 15:34:00,312.000000,317.000000,314.200000,315.935871
co2-1_co2,30,2026-05-17 16:07:00,325.000000,317.000000,316.166667,315.625535
co2-1_co2,30,2026-05-17 16:40:00,314.000000,325.000000,319.133333,320.780664
co2-1_co2,30,2026-05-17 17:13:00,320.000000,316.000000,317.833333,316.320659
co2-1_co2,30,2026-05-17 17:46:00,321.000000,323.000000,319.800000,318.002062
co2-1_co2,30,2026-05-17 18:19:00,314.000000,317.000000,318.700000,315.350680
co2-1_co2,30,2026-05-17 18:52:00,320.000000,315.000000,317.500000,313.609030
co2-1_co2,30,2026-05-17 19:25:00,319.000000,322.000000,319.366667,318.224823
co2-1_co2,30,2026-05-17 19:58:00,321.000000,319.000000,319.966667,315.409595
co2-1_co2,30,2026-05-17 20:31:00,325.000000,323.000000,320.366667,317.696512
co2-1_co2,30,2026-05-17 21:04:00,322.000000,327.000000,323.233333,319.999685
co2-1_co2,30,2026-05-17 21:37:00,330.000000,325.000000,322.733333,318.156961
co2-1_co2,30,2026-05-17 22:10:00,318.000000,325.000000,321.600000,318.078477
co2-1_co2,30,2026-05-17 22:43:00,322.000000,326.000000,323.200000,318.282671
co2-1_co2,30,2026-05-17 23:16:00,325.000000,320.000000,320.666667,314.469175
co2-1_co2,30,2026-05-17 23:49:00,326.000000,321.000000,323.100000,318.204837
co2-1_co2,30,2026-05-18 00:22:00,328.000000,328.000000,321.600000,320.438243
co2-1_co2,30,2026-05-18 00:55:00,325.000000,326.000000,325.433333,320.648392
co2-1_co2,30,2026-05-18 01:28:00,317.000000,326.000000,326.033333,322.562932
co2-1_co2,30,2026-05-18 02:01:00,316.000000,320.000000,320.600000,316.213013
co2-1_co2,30,2026-05-18 02:34:00,326.000000,314.000000,316.000000,313.074284
co2-1_co2,30,2026-05-18 03:07:00,320.000000,323.000000,321.466667,320.946080
co2-1_co2,30,2026-05-18 03:40:00,318.000000,318.000000,318.100000,320.277326
co2-1_co2,30,2026-05-18 04:13:00,323.000000,315.000000,316.933333,314.755546
co2-1_co2,30,2026-05-18 04:46:00,315.000000,319.000000,320.333333,319.715306
co2-1_co2,30,2026-05-18 05:19:00,317.000000,319.000000,319.733333,319.438861
co2-1_co2,30,2026-05-18 05:52:00,326.000000,318.000000,318.566667,319.750414
co2-1_co2,30,2026-05-18 06:25:00,328.000000,326.000000,318.166667,322.766588
co2-1_co2,30,2026-05-18 06:58:00,325.000000,326.000000,323.533333,325.643191
co2-1_co2,30,2026-05-18 07:31:00,318.000000,326.000000,322.600000,326.033900
co2-1_co2,30,2026-05-18 08:04:00,318.000000,316.000000,320.700000,321.842773
co2-1_co2,30,2026-05-18 08:37:00,319.000000,324.000000,315.800000,322.763045
co2-1_co2,30,2026-05-18 09:10:00,319.000000,313.000000,320.066667,318.821322
co2-1_co2,30,2026-05-18 09:43:00,323.000000,317.000000,316.166667,316.451259
co2-1_co2,30,2026-05-18 10:16:00,346.000000,322.000000,322.500000,321.699030
co2-1_co2,30,2026-05-18 10:49:00,435.000000,353.000000,335.233333,342.805208
co2-1_co2,30,2026-05-18 11:22:00,463.000000,437.000000,407.566667,420.933954
co2-1_co2,30,2026-05-18 11:55:00,485.000000,460.000000,453.433333,456.418573
co2-1_co2,30,2026-05-18 12:28:00,487.000000,490.000000,475.766667,476.642033
co2-1_co2,30,2026-05-18 13:01:00,454.000000,489.000000,541.366667,512.135948
co2-1_co2,30,2026-05-18 13:34:00,422.000000,440.000000,467.466667,451.850170
co2-1_co2,30,2026-05-18 14:07:00,425.000000,425.000000,429.533333,424.917536
co2-1_co2,30,2026-05-18 14:40:00,457.000000,431.000000,424.000000,423.422348
co2-1_co2,30,2026-05-18 15:13:00,462.000000,461.000000,446.800000,449.619210
co2-1_co2,30,2026-05-18 15:46:00,458.000000,464.000000,469.200000,457.605658
co2-1_co2,30,2026-05-18 16:19:00,464.000000,457.000000,458.800000,451.665159
co2-1_co2,30,2026-05-18 16:52:00,467.000000,459.000000,455.433333,453.447257
co2-1_co2,30,2026-05-18 17:25:00,474.000000,469.000000,463.566667,460.986294
co2-1_co2,30,2026-05-18 17:58:00,490.000000,471.000000,472.700000,466.985936
co2-1_co2,30,2026-05-18 18:31:00,480.000000,496.000000,484.933333,481.522669
co2-1_co2,30,2026-05-18 19:04:00,414.000000,444.000000,504.533333,472.650503
co2-1_co2,30,2026-05-18 19:37:00,436.000000,412.000000,444.633333,424.768425
co2-1_co2,30,2026-05-18 20:10:00,388.000000,427.000000,460.633333,439.097141
co2-1_co2,30,2026-05-18 20:43:00,403.000000,388.000000,403.100000,391.528092
co2-1_co2,30,2026-05-18 21:16:00,397.000000,408.000000,396.533333,394.716318
co2-1_co2,30,2026-05-18 21:49:00,399.000000,403.000000,402.700000,394.005023
co2-1_co2,30,2026-05-18 22:22:00,390.000000,404.000000,400.300000,395.251428
co2-1_co2,30,2026-05-18 22:55:00,382.000000,392.000000,397.533333,388.234062
co2-1_co2,30,2026-05-18 23:28:00,366.000000,383.000000,384.566667,376.591266
co2-1_co2,30,2026-05-19 00:01:00,364.000000,360.000000,370.866667,362.808594
co2-1_co2,30,2026-05-19 00:34:00,353.000000,362.000000,365.233333,358.794396
co2-1_co2,30,2026-05-19 01:07:00,354.000000,362.000000,358.066667,354.881316
co2-1_co2,30,2026-05-19 01:40:00,351.000000,356.000000,358.233333,353.481370
co2-1_co2,30,2026-05-19 02:13:00,353.000000,349.000000,351.000000,346.654724
co2-1_co2,30,2026-05-19 02:46:00,346.000000,346.000000,347.766667,344.572981
co2-1_co2,30,2026-05-19 03:19:00,351.000000,346.000000,348.733333,347.634211
co2-1_co2,30,2026-05-19 03:52:00,358.000000,353.000000,350.433333,352.991176
co2-1_co2,30,2026-05-19 04:25:00,350.000000,357.000000,354.566667,354.012325
co2-1_co2,30,2026-05-19 04:58:00,340.000000,353.000000,351.833333,351.149361
co2-1_co2,30,2026-05-19 05:31:00,334.000000,343.000000,342.100000,341.294908
co2-1_co2,30,2026-05-19 06:04:00,337.000000,335.000000,337.300000,337.325613
co2-1_co2,30,2026-05-19 06:37:00,327.000000,335.000000,333.900000,336.005033
co2-1_co2,30,2026-05-19 07:10:00,338.000000,325.000000,332.366667,330.914395
co2-1_co2,30,2026-05-19 07:43:00,332.000000,334.000000,333.700000,336.978139
co2-1_co2,30,2026-05-19 08:16:00,332.000000,334.000000,332.233333,335.794723
co2-1_co2,30,2026-05-19 08:49:00,327.000000,329.000000,333.866667,333.408053
co2-1_co2,30,2026-05-19 09:22:00,336.000000,325.000000,327.366667,327.736518
co2-1_co2,30,2026-05-19 09:55:00,340.000000,339.000000,329.666667,330.425322
co2-1_co2,30,2026-05-19 10:28:00,349.000000,347.000000,343.166667,347.025431
co2-1_co2,30,2026-05-19 11:01:00,338.000000,352.000000,348.866667,352.315616
co2-1_co2,30,2026-05-19 11:34:00,327.000000,339.000000,339.200000,342.127141
co2-1_co2,30,2026-05-19 12:07:00,336.000000,335.000000,332.033333,335.645957
co2-1_co2,30,2026-05-19 12:40:00,334.000000,336.000000,332.066667,335.269665
co2-1_co2,30,2026-05-19 13:13:00,322.000000,337.000000,332.933333,340.003731
co2-1_co2,30,2026-05-19 13:46:00,316.000000,320.000000,330.833333,332.579463
co2-1_co2,30,2026-05-19 14:19:00,316.000000,314.000000,316.866667,324.847434
co2-1_co2,30,2026-05-19 14:52:00,327.000000,321.000000,313.400000,320.600540
co2-1_co2,30,2026-05-19 15:25:00,327.000000,330.000000,323.033333,331.141602
co2-1_co2,30,2026-05-19 15:58:00,330.000000,328.000000,326.166667,328.484111
co2-1_co2,30,2026-05-19 16:31:00,333.000000,331.000000,328.366667,329.745217
co2-1_co2,30,2026-05-19 17:04:00,341.000000,330.000000,330.100000,330.371899
co2-1_co2,30,2026-05-19 17:37:00,326.000000,337.000000,330.366667,329.086027
co2-1_co2,30,2026-05-19 18:10:00,324.000000,330.000000,334.433333,330.779348
co2-1_co2,30,2026-05-19 18:43:00,340.000000,326.000000,331.066667,330.530944
co2-1_co2,30,2026-05-19 19:16:00,338.000000,340.000000,334.233333,336.897986
co2-1_co2,30,2026-05-19 19:49:00,352.000000,341.000000,341.833333,338.205352
co2-1_co2,30,2026-05-19 20:22:00,356.000000,355.000000,341.533333,343.163116
co2-1_co2,30,2026-05-19 20:55:00,364.000000,360.000000,355.266667,352.953232
co2-1_co2,30,2026-05-19 21:28:00,358.000000,362.000000,362.066667,357.572038
co2-1_co2,30,2026-05-19 22:01:00,358.000000,357.000000,362.900000,357.404576
co2-1_co2,30,2026-05-19 22:34:00,367.000000,354.000000,355.966667,350.025625
co2-1_co2,30,2026-05-19 23:07:00,365.000000,368.000000,362.966667,357.623568
co2-1_co2,30,2026-05-19 23:40:00,360.000000,364.000000,364.066667,356.579727
co2-1_co2,30,2026-05-20 00:13:00,384.000000,359.000000,368.666667,358.804850
co2-1_co2,30,2026-05-20 00:46:00,376.000000,382.000000,375.800000,372.101125
co2-1_co2,30,2026-05-20 01:19:00,367.000000,373.000000,381.333333,372.490171
co2-1_co2,30,2026-05-20 01:52:00,356.000000,361.000000,367.266667,361.518359
co2-1_co2,30,2026-05-20 02:25:00,374.000000,357.000000,357.133333,355.004680
co2-1_co2,30,2026-05-20 02:58:00,367.000000,375.000000,365.000000,365.498299
co2-1_co2,30,2026-05-20 03:31:00,378.000000,366.000000,368.333333,366.916282
co2-1_co2,30,2026-05-20 04:04:00,374.000000,380.000000,373.033333,376.201412
co2-1_co2,30,2026-05-20 04:37:00,369.000000,371.000000,374.066667,373.878659
co2-1_co2,30,2026-05-20 05:10:00,376.000000,368.000000,366.633333,368.018205
co2-1_co2,30,2026-05-20 05:43:00,383.000000,373.000000,378.900000,376.623293
co2-1_co2,30,2026-05-20 06:16:00,372.000000,386.000000,377.333333,380.932270
co2-1_co2,30,2026-05-20 06:49:00,369.000000,368.000000,378.466667,374.464058
co2-1_co2,30,2026-05-20 07:22:00,360.000000,368.000000,372.033333,374.302143
co2-1_co2,30,2026-05-20 07:55:00,343.000000,358.000000,363.233333,363.143841
co2-1_co2,30,2026-05-20 08:28:00,339.000000,346.000000,345.500000,350.705966
co2-1_co2,30,2026-05-20 09:01:00,340.000000,338.000000,340.833333,345.098986
co2-1_co2,30,2026-05-20 09:34:00,347.000000,335.000000,342.766667,340.463547
co2-1_co2,30,2026-05-20 10:07:00,345.000000,348.000000,348.133333,348.882979
co2-1_co2,30,2026-05-20 10:40:00,392.000000,355.000000,350.100000,355.430658
co2-1_co2,30,2026-05-20 11:13:00,395.000000,398.000000,369.600000,396.875727
co2-1_co2,30,2026-05-20 11:46:00,433.000000,401.000000,387.933333,412.868059
co2-1_co2,30,2026-05-20 12:19:00,525.000000,542.000000,431.200000,470.414498
co2-1_co2,30,2026-05-20 12:52:00,510.000000,507.000000,547.633333,531.843230
co2-1_co2,30,2026-05-20 13:25:00,523.000000,500.000000,534.900000,527.262692
co2-1_co2,30,2026-05-20 13:58:00,495.000000,507.000000,517.033333,514.621245
co2-1_co2,30,2026-05-20 14:31:00,473.000000,502.000000,498.166667,493.442456
co2-1_co2,30,2026-05-20 15:04:00,453.000000,479.000000,484.400000,479.907255
co2-1_co2,30,2026-05-20 15:37:00,451.000000,450.000000,464.566667,456.982665
co2-1_co2,30,2026-05-20 16:10:00,434.000000,451.000000,453.233333,450.585583
co2-1_co2,30,2026-05-20 16:43:00,433.000000,434.000000,440.900000,437.031892
co2-1_co2,30,2026-05-20 17:16:00,413.000000,433.000000,428.333333,428.976126
co2-1_co2,30,2026-05-20 17:49:00,407.000000,414.000000,420.400000,415.354548
co2-1_co2,30,2026-05-20 18:22:00,412.000000,412.000000,406.700000,405.467408
co2-1_co2,30,2026-05-20 18:55:00,428.000000,400.000000,412.300000,402.111380
co2-1_co2,30,2026-05-20 19:28:00,403.000000,430.000000,410.000000,399.001574
co2-1_co2,30,2026-05-20 20:01:00,400.000000,409.000000,414.466667,399.879447
co2-1_co2,30,2026-05-20 20:34:00,396.000000,398.000000,406.266667,398.757784
co2-1_co2,30,2026-05-20 21:07:00,379.000000,393.000000,397.300000,392.051315
co2-1_co2,30,2026-05-20 21:40:00,372.000000,378.000000,385.200000,379.543704
co2-1_co2,30,2026-05-20 22:13:00,373.000000,368.000000,377.500000,369.819510
co2-1_co2,30,2026-05-20 22:46:00,370.000000,372.000000,369.900000,367.008913
co2-1_co2,30,2026-05-20 23:19:00,359.000000,368.000000,366.733333,364.994349
co2-1_co2,30,2026-05-20 23:52:00,362.000000,362.000000,358.400000,359.291061
co2-1_co2,30,2026-05-21 00:25:00,353.000000,360.000000,361.000000,358.797336
co2-1_co2,30,2026-05-21 00:58:00,350.000000,354.000000,355.933333,353.510547
co2-1_co2,30,2026-05-21 01:31:00,346.000000,351.000000,350.033333,348.694660
co2-1_co2,30,2026-05-21 02:04:00,347.000000,344.000000,349.133333,346.106666
co2-1_co2,30,2026-05-21 02:37:00,345.000000,346.000000,345.366667,344.604629
co2-1_co2,30,2026-05-21 03:10:00,335.000000,345.000000,345.600000,343.761471
co2-1_co2,30,2026-05-21 03:43:00,340.000000,338.000000,338.866667,334.340656
co2-1_co2,30,2026-05-21 04:16:00,336.000000,339.000000,340.000000,334.601503
co2-1_co2,30,2026-05-21 04:49:00,330.000000,339.000000,338.966667,338.296098
co2-1_co2,30,2026-05-21 05:22:00,333.000000,333.000000,332.200000,333.433445
co2-1_co2,30,2026-05-21 05:55:00,337.000000,332.000000,333.066667,335.114805
co2-1_co2,30,2026-05-21 06:28:00,331.000000,336.000000,330.466667,334.996999
co2-1_co2,30,2026-05-21 07:01:00,329.000000,331.000000,332.333333,335.834430
co2-1_co2,30,2026-05-21 07:34:00,326.000000,330.000000,328.100000,331.707827
co2-1_co2,30,2026-05-21 08:07:00,325.000000,325.000000,327.600000,332.394152
co2-1_co2,30,2026-05-21 08:40:00,332.000000,327.000000,324.566667,330.812309
co2-1_co2,30,2026-05-21 09:13:00,326.000000,339.000000,328.133333,343.954724
co2-1_co2,30,2026-05-21 09:46:00,337.000000,348.000000,328.133333,347.446481
co2-1_co2,30,2026-05-21 10:19:00,336.000000,337.000000,334.033333,343.284923
co2-1_co2,30,2026-05-21 10:52:00,343.000000,339.000000,334.133333,341.558225
co2-1_co2,30,2026-05-21 11:25:00,355.000000,342.000000,339.333333,345.342872
co2-1_co2,30,2026-05-21 11:58:00,400.000000,386.000000,350.000000,367.298093
co2-1_co2,30,2026-05-21 12:31:00,440.000000,407.000000,388.366667,398.221780
co2-1_co2,30,2026-05-21 13:04:00,479.000000,449.000000,436.500000,441.674780
co2-1_co2,30,2026-05-21 13:37:00,501.000000,479.000000,466.166667,471.526418
co2-1_co2,30,2026-05-21 14:10:00,529.000000,503.000000,490.833333,494.377307
co2-1_co2,30,2026-05-21 14:43:00,532.000000,527.000000,520.466667,521.395154
co2-1_co2,30,2026-05-21 15:16:00,523.000000,529.000000,531.000000,527.321765
co2-1_co2,30,2026-05-21 15:49:00,522.000000,524.000000,526.266667,520.731258
co2-1_co2,30,2026-05-21 16:22:00,511.000000,522.000000,525.300000,519.881895
co2-1_co2,30,2026-05-21 16:55:00,488.000000,504.000000,510.900000,505.522270
co2-1_co2,30,2026-05-21 17:28:00,473.000000,488.000000,493.733333,487.535122
co2-1_co2,30,2026-05-21 18:01:00,448.000000,470.000000,479.833333,471.553690
co2-1_co2,30,2026-05-21 18:34:00,431.000000,441.000000,455.200000,444.022820
co2-1_co2,30,2026-05-21 19:07:00,410.000000,422.000000,437.833333,426.680125
co2-1_co2,30,2026-05-21 19:40:00,409.000000,411.000000,413.366667,408.353917
co2-1_co2,30,2026-05-21 20:13:00,399.000000,398.000000,406.166667,400.096094
co2-1_co2,30,2026-05-21 20:46:00,388.000000,398.000000,393.433333,392.653169
co2-1_co2,30,2026-05-21 21:19:00,384.000000,395.000000,391.500000,387.245121
co2-1_co2,30,2026-05-21 21:52:00,375.000000,381.000000,383.966667,379.466590
co2-1_co2,30,2026-05-21 22:25:00,373.000000,378.000000,380.200000,375.730736
co2-1_co2,30,2026-05-21 22:58:00,371.000000,377.000000,374.433333,371.381614
co2-1_co2,30,2026-05-21 23:31:00,368.000000,368.000000,372.600000,367.042421
co2-1_co2,30,2026-05-22 00:04:00,359.000000,366.000000,368.800000,362.875613
co2-1_co2,30,2026-05-22 00:37:00,361.000000,356.000000,364.866667,356.541581
co2-1_co2,30,2026-05-22 01:10:00,351.000000,356.000000,364.733333,356.800637
co2-1_co2,30,2026-05-22 01:43:00,354.000000,351.000000,357.300000,350.859220
co2-1_co2,30,2026-05-22 02:16:00,348.000000,351.000000,352.133333,348.724093
co2-1_co2,30,2026-05-22 02:49:00,344.000000,349.000000,347.333333,344.962000
co2-1_co2,30,2026-05-22 03:22:00,339.000000,345.000000,345.200000,335.225163
co2-1_co2,30,2026-05-22 03:55:00,332.000000,335.000000,344.033333,334.515132
co2-1_co2,30,2026-05-22 04:28:00,340.000000,333.000000,332.633333,328.042421
co2-1_co2,30,2026-05-22 05:01:00,334.000000,335.000000,337.600000,334.553480
co2-1_co2,30,2026-05-22 05:34:00,338.000000,338.000000,332.700000,335.950447
co2-1_co2,30,2026-05-22 06:07:00,337.000000,338.000000,336.200000,335.762850
co2-1_co2,30,2026-05-22 06:40:00,327.000000,335.000000,338.333333,337.863968
co2-1_co2,30,2026-05-22 07:13:00,331.000000,330.000000,330.266667,331.375272
co2-1_co2,30,2026-05-22 07:46:00,327.000000,331.000000,329.600000,332.028889
co2-1_co2,30,2026-05-22 08:19:00,327.000000,330.000000,327.033333,329.572422
co2-1_co2,30,2026-05-22 08:52:00,322.000000,327.000000,330.533333,331.684215
co2-1_co2,30,2026-05-22 09:25:00,327.000000,326.000000,324.266667,339.640337
co2-1_co2,30,2026-05-22 09:58:00,346.000000,326.000000,323.666667,333.041185
co2-1_co2,30,2026-05-22 10:31:00,358.000000,353.000000,330.966667,340.383585
co2-1_co2,30,2026-05-22 11:04:00,383.000000,362.000000,351.766667,353.056376
co2-1_co2,30,2026-05-22 11:37:00,387.000000,384.000000,374.266667,376.683995
co2-1_co2,30,2026-05-22 12:10:00,380.000000,392.000000,386.166667,383.104801
co2-1_co2,30,2026-05-22 12:43:00,390.000000,378.000000,384.733333,393.959797
co2-1_co2,30,2026-05-22 13:16:00,389.000000,381.000000,386.000000,383.635677
co2-1_co2,30,2026-05-22 13:49:00,401.000000,389.000000,394.900000,391.986661
co2-1_co2,30,2026-05-22 14:22:00,408.000000,401.000000,395.566667,396.668939
co2-1_co2,30,2026-05-22 14:55:00,384.000000,400.000000,403.466667,400.282071
co2-1_co2,30,2026-05-22 15:28:00,364.000000,392.000000,394.833333,390.522492
co2-1_co2,30,2026-05-22 16:01:00,366.000000,365.000000,377.733333,373.111019
co2-1_co2,30,2026-05-22 16:34:00,375.000000,375.000000,367.766667,368.547231
co2-1_co2,30,2026-05-22 17:07:00,374.000000,387.000000,375.100000,376.738549
co2-1_co2,30,2026-05-22 17:40:00,377.000000,375.000000,373.633333,371.701600
co2-1_co2,30,2026-05-22 18:13:00,378.000000,375.000000,373.866667,369.026736
co2-1_co2,30,2026-05-22 18:46:00,406.000000,387.000000,373.833333,369.722116
co2-1_co2,30,2026-05-22 19:19:00,402.000000,405.000000,404.600000,389.366197
co2-1_co2,30,2026-05-22 19:52:00,396.000000,402.000000,404.633333,394.943952
co2-1_co2,30,2026-05-22 20:25:00,391.000000,399.000000,399.133333,392.346871
co2-1_co2,30,2026-05-22 20:58:00,386.000000,386.000000,396.666667,384.489787
co2-1_co2,30,2026-05-22 21:31:00,385.000000,386.000000,389.233333,382.058264
co2-1_co2,30,2026-05-22 22:04:00,381.000000,383.000000,383.666667,376.863659
co2-1_co2,30,2026-05-22 22:37:00,368.000000,375.000000,378.466667,372.311641
co2-1_co2,30,2026-05-22 23:10:00,367.000000,365.000000,371.766667,364.464949
co2-1_co2,30,2026-05-22 23:43:00,359.000000,365.000000,364.066667,358.573376
co2-1_co2,30,2026-05-23 00:16:00,356.000000,361.000000,362.633333,356.014484
co2-1_co2,30,2026-05-23 00:49:00,348.000000,354.000000,357.866667,351.493427
co2-1_co2,30,2026-05-23 01:22:00,349.000000,350.000000,345.833333,342.005968
co2-1_co2,30,2026-05-23 01:55:00,342.000000,348.000000,351.266667,346.223847
co2-1_co2,30,2026-05-23 02:28:00,339.000000,346.000000,343.266667,339.007313
co2-1_co2,30,2026-05-23 03:01:00,337.000000,333.000000,337.100000,332.760325
co2-1_co2,30,2026-05-23 03:34:00,330.000000,337.000000,335.100000,336.155495
co2-1_co2,30,2026-05-23 04:07:00,323.000000,332.000000,331.900000,328.142836
co2-1_co2,30,2026-05-23 04:40:00,323.000000,328.000000,329.466667,327.588910
co2-1_co2,30,2026-05-23 05:13:00,306.000000,322.000000,323.666667,322.762287
co2-1_co2,30,2026-05-23 05:46:00,313.000000,307.000000,312.033333,309.417395
co2-1_co2,30,2026-05-23 06:19:00,310.000000,313.000000,313.200000,313.402353
co2-1_co2,30,2026-05-23 06:52:00,315.000000,318.000000,313.333333,316.966813
co2-1_co2,30,2026-05-23 07:25:00,307.000000,320.000000,316.566667,317.604939
co2-1_co2,30,2026-05-23 07:58:00,310.000000,305.000000,313.866667,311.866723
co2-1_co2,30,2026-05-23 08:31:00,319.000000,310.000000,307.100000,309.900496
co2-1_co2,30,2026-05-23 09:04:00,312.000000,315.000000,309.800000,314.274401
co2-1_co2,30,2026-05-23 09:37:00,312.000000,313.000000,310.066667,311.702879
co2-1_co2,30,2026-05-23 10:10:00,314.000000,313.000000,312.666667,314.300204
co2-1_co2,30,2026-05-23 10:43:00,311.000000,315.000000,310.466667,316.929425
co2-1_co2,30,2026-05-23 11:16:00,311.000000,310.000000,312.833333,315.837970
co2-1_co2,30,2026-05-23 11:49:00,312.000000,317.000000,313.300000,318.524011
co2-1_co2,30,2026-05-23 12:22:00,306.000000,309.000000,311.133333,315.527547
co2-1_co2,30,2026-05-23 12:55:00,308.000000,305.000000,310.033333,311.102346
co2-1_co2,30,2026-05-23 13:28:00,330.000000,310.000000,310.266667,312.737754
co2-1_co2,30,2026-05-23 14:01:00,355.000000,331.000000,317.500000,325.389449
co2-1_co2,30,2026-05-23 14:34:00,393.000000,358.000000,346.133333,350.220165
co2-1_co2,30,2026-05-23 15:07:00,426.000000,394.000000,382.700000,384.767920
co2-1_co2,30,2026-05-23 15:40:00,424.000000,426.000000,414.500000,415.996896
co2-1_co2,30,2026-05-23 16:13:00,410.000000,419.000000,428.766667,421.103293
co2-1_co2,30,2026-05-23 16:46:00,381.000000,399.000000,411.233333,402.877728
co2-1_co2,30,2026-05-23 17:19:00,359.000000,381.000000,389.066667,383.201301
co2-1_co2,30,2026-05-23 17:52:00,355.000000,362.000000,364.633333,360.325472
co2-1_co2,30,2026-05-23 18:25:00,342.000000,349.000000,355.166667,350.864039
co2-1_co2,30,2026-05-23 18:58:00,327.000000,339.000000,342.733333,339.557677
co2-1_co2,30,2026-05-23 19:31:00,319.000000,322.000000,329.966667,324.616718
co2-1_co2,30,2026-05-23 20:04:00,316.000000,322.000000,322.200000,319.101207
co2-1_co2,30,2026-05-23 20:37:00,310.000000,314.000000,317.833333,315.089861
co2-1_co2,30,2026-05-23 21:10:00,309.000000,315.000000,310.566667,309.313407
co2-1_co2,30,2026-05-23 21:43:00,316.000000,306.000000,310.033333,305.250224
co2-1_co2,30,2026-05-23 22:16:00,306.000000,314.000000,309.300000,308.323644
co2-1_co2,30,2026-05-23 22:49:00,299.000000,303.000000,305.066667,300.661181
co2-1_co2,30,2026-05-23 23:22:00,305.000000,301.000000,296.966667,296.329635
co2-1_co2,30,2026-05-23 23:55:00,304.000000,303.000000,298.900000,298.512447
co2-1_co2,30,2026-05-24 00:28:00,303.000000,302.000000,296.866667,295.493374
co2-1_co2,30,2026-05-24 01:01:00,300.000000,304.000000,299.466667,299.210764
co2-1_co2,30,2026-05-24 01:34:00,309.000000,309.000000,303.600000,302.930931
co2-1_co2,30,2026-05-24 02:07:00,305.000000,306.000000,307.100000,305.891564
co2-1_co2,30,2026-05-24 02:40:00,318.000000,310.000000,309.333333,306.394403
co2-1_co2,30,2026-05-24 03:13:00,317.000000,313.000000,314.066667,315.147525
co2-1_co2,30,2026-05-24 03:46:00,314.000000,319.000000,317.066667,315.367348
co2-1_co2,30,2026-05-24 04:19:00,319.000000,316.000000,313.333333,312.838485
co2-1_co2,30,2026-05-24 04:52:00,319.000000,316.000000,318.566667,319.176809
co2-1_co2,30,2026-05-24 05:25:00,310.000000,317.000000,318.133333,318.545642
co2-1_co2,30,2026-05-24 05:58:00,314.000000,313.000000,317.700000,317.908468
co2-1_co2,30,2026-05-24 06:31:00,319.000000,314.000000,314.833333,316.136833
co2-1_co2,30,2026-05-24 07:04:00,321.000000,320.000000,318.766667,320.438071
co2-1_co2,30,2026-05-24 07:37:00,317.000000,318.000000,322.600000,321.496187
co2-1_co2,30,2026-05-24 08:10:00,318.000000,315.000000,320.500000,320.093876
co2-1_co2,30,2026-05-24 08:43:00,318.000000,317.000000,315.566667,318.339914
co2-1_co2,30,2026-05-24 09:16:00,315.000000,314.000000,314.300000,318.445298
co2-1_co2,30,2026-05-24 09:49:00,318.000000,319.000000,315.200000,315.784334
co2-1_co2,30,2026-05-24 10:22:00,302.000000,307.000000,312.166667,314.274760
co2-1_co2,30,2026-05-24 10:55:00,309.000000,303.000000,307.466667,310.599658
co2-1_co2,30,2026-05-24 11:28:00,314.000000,309.000000,305.566667,311.398232
co2-1_co2,30,2026-05-24 12:01:00,314.000000,315.000000,309.933333,314.832925
co2-1_co2,30,2026-05-24 12:34:00,313.000000,316.000000,317.300000,318.644314
co2-1_co2,30,2026-05-24 13:07:00,310.000000,315.000000,313.833333,315.891201
co2-1_co2,30,2026-05-24 13:40:00,305.000000,308.000000,311.733333,313.354512
co2-1_co2,30,2026-05-24 14:13:00,302.000000,305.000000,306.566667,306.718392
co2-1_co2,30,2026-05-24 14:46:00,300.000000,303.000000,300.466667,303.493068
co2-1_co2,30,2026-05-24 15:19:00,296.000000,303.000000,298.200000,301.297338
co2-1_co2,30,2026-05-24 15:52:00,306.000000,301.000000,300.833333,303.187412
co2-1_co2,30,2026-05-24 16:25:00,306.000000,308.000000,309.066667,308.152617
co2-1_co2,30,2026-05-24 16:58:00,315.000000,309.000000,303.333333,306.643349
co2-1_co2,30,2026-05-24 17:31:00,309.000000,313.000000,312.533333,313.814014
co2-1_co2,30,2026-05-24 18:04:00,310.000000,307.000000,308.266667,307.115103
co2-1_co2,30,2026-05-24 18:37:00,308.000000,309.000000,307.366667,309.074201
co2-1_co2,30,2026-05-24 19:10:00,312.000000,308.000000,312.000000,307.133639
co2-1_co2,30,2026-05-24 19:43:00,309.000000,307.000000,309.666667,307.903262
co2-1_co2,30,2026-05-24 20:16:00,311.000000,310.000000,308.500000,306.659018
co2-1_co2,30,2026-05-24 20:49:00,319.000000,310.000000,311.333333,309.105673
co2-1_co2,30,2026-05-24 21:22:00,315.000000,315.000000,308.733333,309.183448
co2-1_co2,30,2026-05-24 21:55:00,309.000000,311.000000,313.533333,309.118089
co2-1_co2,30,2026-05-24 22:28:00,314.000000,307.000000,311.766667,306.082225
co2-1_co2,30,2026-05-24 23:01:00,312.000000,313.000000,314.166667,309.590766
co2-1_co2,30,2026-05-24 23:34:00,313.000000,313.000000,313.166667,309.910988
co2-1_co2,30,2026-05-25 00:07:00,304.000000,313.000000,312.933333,310.295304
co2-1_co2,30,2026-05-25 00:40:00,301.000000,307.000000,308.900000,305.391377
co2-1_co2,30,2026-05-25 01:13:00,312.000000,300.000000,304.066667,300.250307
co2-1_co2,30,2026-05-25 01:46:00,310.000000,308.000000,302.166667,303.071570
co2-1_co2,30,2026-05-25 02:19:00,313.000000,312.000000,304.866667,306.922269
co2-1_co2,30,2026-05-25 02:52:00,307.000000,315.000000,309.133333,311.400080
co2-1_co2,30,2026-05-25 03:25:00,304.000000,309.000000,310.866667,311.260728
co2-1_co2,30,2026-05-25 03:58:00,308.000000,304.000000,307.533333,306.020363
co2-1_co2,30,2026-05-25 04:31:00,305.000000,306.000000,310.433333,310.787885
co2-1_co2,30,2026-05-25 05:04:00,299.000000,308.000000,307.533333,309.115202
co2-1_co2,30,2026-05-25 05:37:00,304.000000,303.000000,303.600000,305.721707
co2-1_co2,30,2026-05-25 06:10:00,299.000000,307.000000,304.666667,309.018626
co2-1_co2,30,2026-05-25 06:43:00,305.000000,302.000000,301.566667,306.070664
co2-1_co2,30,2026-05-25 07:16:00,307.000000,308.000000,302.966667,308.452402
co2-1_co2,30,2026-05-25 07:49:00,312.000000,306.000000,307.700000,310.731035
co2-1_co2,30,2026-05-25 08:22:00,306.000000,309.000000,307.433333,312.672994
co2-1_co2,30,2026-05-25 08:55:00,309.000000,306.000000,306.766667,311.356273
co2-1_co2,30,2026-05-25 09:28:00,314.000000,313.000000,308.633333,313.545922
co2-1_co2,30,2026-05-25 10:01:00,324.000000,315.000000,312.100000,316.636865
co2-1_co2,30,2026-05-25 10:34:00,325.000000,322.000000,318.866667,325.978096
co2-1_co2,30,2026-05-25 11:07:00,341.000000,328.000000,326.600000,332.401593
co2-1_co2,30,2026-05-25 11:40:00,325.000000,333.000000,345.333333,355.762989
co2-1_co2,30,2026-05-25 12:13:00,321.000000,320.000000,322.066667,336.497002
co2-1_co2,30,2026-05-25 12:46:00,328.000000,321.000000,324.066667,326.711563
co2-1_co2,30,2026-05-25 13:19:00,333.000000,331.000000,323.600000,331.008287
co2-1_co2,30,2026-05-25 13:52:00,335.000000,330.000000,326.000000,330.491257
co2-1_co2,30,2026-05-25 14:25:00,333.000000,335.000000,329.833333,333.174429
co2-1_co2,30,2026-05-25 14:58:00,339.000000,336.000000,336.400000,338.555765
co2-1_co2,30,2026-05-25 15:31:00,335.000000,342.000000,340.266667,341.972477
co2-1_co2,30,2026-05-25 16:04:00,339.000000,333.000000,338.866667,338.431377
co2-1_co2,30,2026-05-25 16:37:00,328.000000,337.000000,339.866667,341.181168
co2-1_co2,30,2026-05-25 17:10:00,336.000000,330.000000,333.766667,332.376093
co2-1_co2,30,2026-05-25 17:43:00,335.000000,343.000000,340.100000,343.185394
co2-1_co2,30,2026-05-25 18:16:00,343.000000,332.000000,340.266667,337.475261
co2-1_co2,30,2026-05-25 18:49:00,338.000000,369.000000,338.133333,347.549494
co2-1_co2,30,2026-05-25 19:22:00,340.000000,336.000000,342.766667,338.701553
co2-1_co2,30,2026-05-25 19:55:00,359.000000,339.000000,335.333333,334.906568
co2-1_co2,30,2026-05-25 20:28:00,332.000000,345.000000,347.233333,343.387497
co2-1_co2,30,2026-05-25 21:01:00,341.000000,330.000000,340.400000,330.832181
co2-1_co2,30,2026-05-25 21:34:00,340.000000,342.000000,332.133333,332.058539
co2-1_co2,30,2026-05-25 22:07:00,347.000000,332.000000,334.766667,331.178026
co2-1_co2,30,2026-05-25 22:40:00,343.000000,347.000000,343.033333,339.633116
co2-1_co2,30,2026-05-25 23:13:00,337.000000,339.000000,343.300000,336.102121
co2-1_co2,30,2026-05-25 23:46:00,340.000000,340.000000,341.333333,334.579089
co2-1_co2,30,2026-05-26 00:19:00,336.000000,340.000000,338.100000,335.666793
co2-1_co2,30,2026-05-26 00:52:00,332.000000,341.000000,341.800000,338.533853
co2-1_co2,30,2026-05-26 01:25:00,328.000000,334.000000,333.933333,332.141462
co2-1_co2,30,2026-05-26 01:58:00,325.000000,328.000000,332.433333,330.459421
co2-1_co2,30,2026-05-26 02:31:00,322.000000,327.000000,325.266667,324.967858
co2-1_co2,30,2026-05-26 03:04:00,322.000000,320.000000,328.933333,324.352525
co2-1_co2,30,2026-05-26 03:37:00,310.000000,317.000000,320.000000,319.144697
co2-1_co2,30,2026-05-26 04:10:00,299.000000,306.000000,307.566667,307.381379
co2-1_co2,30,2026-05-26 04:43:00,312.000000,301.000000,303.700000,304.593215
co2-1_co2,30,2026-05-26 05:16:00,306.000000,314.000000,311.533333,314.516961
co2-1_co2,30,2026-05-26 05:49:00,307.000000,305.000000,304.700000,308.241428
co2-1_co2,30,2026-05-26 06:22:00,307.000000,303.000000,306.866667,307.065567
co2-1_co2,30,2026-05-26 06:55:00,309.000000,308.000000,305.266667,311.050386
co2-1_co2,30,2026-05-26 07:28:00,304.000000,307.000000,305.300000,311.873472
co2-1_co2,30,2026-05-26 08:01:00,308.000000,309.000000,302.700000,310.630458
co2-1_co2,30,2026-05-26 08:34:00,312.000000,306.000000,307.300000,311.148330
co2-1_co2,30,2026-05-26 09:07:00,312.000000,313.000000,312.500000,316.152111
co2-1_co2,30,2026-05-26 09:40:00,305.000000,299.000000,306.033333,308.200095
co2-1_co2,30,2026-05-26 10:13:00,310.000000,308.000000,307.800000,313.931523
co2-1_co2,30,2026-05-26 10:46:00,300.000000,311.000000,310.266667,316.248006
co2-1_co2,30,2026-05-26 11:19:00,295.000000,303.000000,304.433333,309.453396
co2-1_co2,30,2026-05-26 11:52:00,305.000000,303.000000,301.800000,307.905199
co2-1_co2,30,2026-05-26 12:25:00,309.000000,304.000000,304.433333,309.089023
co2-1_co2,30,2026-05-26 12:58:00,311.000000,306.000000,307.300000,312.923548
co2-1_co2,30,2026-05-26 13:31:00,321.000000,312.000000,306.233333,315.261573
co2-1_co2,30,2026-05-26 14:04:00,320.000000,322.000000,316.833333,324.139243
co2-1_co2,30,2026-05-26 14:37:00,327.000000,323.000000,324.666667,327.612396
co2-1_co2,30,2026-05-26 15:10:00,329.000000,324.000000,316.033333,322.762673
co2-1_co2,30,2026-05-26 15:43:00,333.000000,328.000000,322.500000,327.434468
co2-1_co2,30,2026-05-26 16:16:00,333.000000,335.000000,329.400000,335.986565
co2-1_co2,30,2026-05-26 16:49:00,334.000000,332.000000,333.333333,335.055467
co2-1_co2,30,2026-05-26 17:22:00,337.000000,329.000000,330.666667,330.534012
co2-1_co2,30,2026-05-26 17:55:00,328.000000,341.000000,338.633333,340.083315
co2-1_co2,30,2026-05-26 18:28:00,331.000000,329.000000,331.566667,332.439123
co2-1_co2,30,2026-05-26 19:01:00,336.000000,331.000000,329.133333,330.223874
co2-1_co2,30,2026-05-26 19:34:00,347.000000,340.000000,336.666667,337.897100
co2-1_co2,30,2026-05-26 20:07:00,345.000000,345.000000,339.166667,340.118267
co2-1_co2,30,2026-05-26 20:40:00,350.000000,346.000000,343.600000,342.170850
co2-1_co2,30,2026-05-26 21:13:00,349.000000,353.000000,344.100000,345.734935
co2-1_co2,30,2026-05-26 21:46:00,360.000000,354.000000,353.100000,350.656164
